id,label
48,0
68,1
76,1
155,0
167,1
190,1
207,1
208,1
212,1
233,1
239,1
269,0
292,0
298,1
315,0
333,0
334,0
368,0
401,0
457,1
463,0
497,1
498,1
517,0
533,0
543,1
552,1
570,1
622,1
652,0
666,1
669,0
677,1
681,0
688,1
709,1
734,0
800,1
843,1
857,0
928,0
973,1
975,0
1038,1
1045,1
1062,1
1090,1
1113,1
1115,0
1119,1
1135,0
1150,1
1173,1
1186,1
1211,1
1218,0
1223,1
1323,0
1345,0
1373,1
1376,1
1378,0
1380,1
1381,0
1386,1
1392,0
1408,0
1468,0
1477,0
1486,0
1508,1
1511,1
1512,0
1534,0
1545,0
1558,1
1595,1
1632,0
1646,1
1672,0
1722,0
1752,1
1777,0
1801,1
1810,1
1821,1
1823,1
1849,1
1884,1
1905,0
1918,1
1939,1
1948,0
1977,0
1991,1
2003,0
2030,0
2064,1
2069,1
2072,0
2075,1
2104,0
2123,0
2158,1
2188,0
2198,0
2209,0
2248,1
2255,1
2323,0
2351,1
2389,0
2436,0
2493,0
2494,0
2504,0
2518,1
2526,0
2528,1
2529,0
2540,1
2547,1
2598,1
2651,1
2677,1
2683,0
2732,1
2794,1
2831,1
2857,1
2879,0
2895,1
2923,1
2935,0
3031,0
3066,1
3071,0
3078,0
3098,0
3106,0
3122,1
3137,1
3143,0
3144,0
3165,1
3172,0
3226,1
3229,1
3236,1
3266,1
3283,0
3286,0
3288,0
3294,1
3299,0
3322,1
3360,1
3398,1
3399,0
3404,1
3430,0
3458,0
3514,1
3554,0
3600,1
3609,1
3648,0
3657,0
3658,1
3664,0
3667,1
3674,0
3686,1
3710,0
3742,1
3748,0
3759,1
3785,0
3787,0
3967,0
3972,1
3992,0
3995,1
4006,0
4017,1
4037,0
4039,0
4063,0
4096,0
4107,0
4139,1
4164,0
4175,0
4237,1
4299,0
4304,0
4311,0
4319,1
4321,0
4342,0
4400,1
4418,0
4430,1
4461,0
4495,0
4522,1
4539,1
4558,0
4583,0
4613,0
4615,1
4705,1
4720,0
4732,0
4733,0
4739,0
4777,0
4818,1
4823,0
4830,1
4863,0
4864,0
4897,0
4905,1
4910,1
4924,1
4931,0
4945,0
4986,1
4987,1
5022,1
5036,1
5037,0
5063,0
5069,0
5147,1
5148,1
5219,0
5274,1
5320,0
5337,0
5357,1
5373,0
5433,1
5436,1
5437,1
5439,1
5442,0
5453,0
5489,0
5504,1
5520,1
5522,1
5533,0
5542,1
5546,1
5577,1
5621,1
5623,0
5642,0
5650,1
5703,1
5707,0
5710,0
5720,0
5724,1
5759,1
5762,0
5790,1
5801,1
5812,1
5835,1
5844,1
5865,0
5891,0
5896,0
5917,1
5919,0
5921,1
5930,0
5991,1
6076,1
6099,0
6104,0
6147,0
6214,1
6230,0
6272,0
6299,1
6322,1
6326,1
6398,1
6407,0
6433,1
6473,0
6494,0
6500,0
6502,0
6503,1
6520,1
6543,1
6673,0
6681,1
6820,0
6834,0
6835,1
6846,1
6867,1
6879,1
6972,1
6973,1
6975,0
6980,0
7039,1
7047,1
7088,1
7121,1
7132,1
7137,1
7143,1
7160,1
7187,1
7188,1
7255,0
7283,0
7306,0
7314,0
7332,1
7363,1
7395,1
7398,0
7452,1
7458,1
7482,1
7526,1
7545,1
7566,1
7595,1
7615,0
7634,0
7677,0
7685,0
7696,1
7737,1
7768,0
7852,1
7859,0
7877,0
7934,1
7979,0
7987,1
8021,0
8113,1
8140,0
8152,0
8163,0
8239,0
8257,1
8284,1
8292,1
8311,0
8320,1
8335,0
8390,1
8415,0
8463,0
8528,0
8538,0
8550,1
8566,1
8580,1
8594,0
8604,1
8635,0
8650,0
8664,1
8670,1
8688,1
8764,0
8774,1
8777,1
8786,0
8880,1
8899,0
8909,1
8955,1
8979,0
9006,0
9018,1
9029,1
9056,0
9087,1
9098,1
9109,1
9153,1
9154,1
9166,1
9359,0
9389,0
9416,1
9439,0
9457,1
9483,0
9486,0
9540,1
9558,1
9598,1
9646,1
9651,1
9680,0
9684,1
9744,1
9752,1
9761,0
9763,0
9764,1
9785,1
9829,0
9843,1
9849,1
9851,1
9866,0
9873,0
9920,0
9927,1
9939,0
9944,0
9954,0
9990,0
10009,0
10050,0
10075,1
10085,1
10088,1
10131,0
10150,0
10173,1
10229,1
10293,1
10296,0
10298,1
10306,0
10368,1
10406,0
10412,1
10417,1
10439,1
10458,0
10464,1
10517,0
10519,0
10527,1
10558,0
10641,1
10669,0
10672,0
10679,1
10701,0
10744,0
10752,0
10792,0
10814,0
10828,0
10859,0
10863,0
10874,0
10914,1
10925,0
10937,1
10965,1
10967,0
10974,1
11026,1
11029,1
11080,0
11106,0
11113,1
11124,1
11149,1
11151,1
11168,0
11181,1
11213,0
11240,1
11250,0
11260,0
11344,0
11353,0
11366,1
11377,1
11384,1
11403,1
11425,1
11430,0
11454,1
11466,0
11471,1
11473,0
11487,1
11537,0
11538,1
11552,1
11642,0
11694,0
11748,0
11757,1
11761,1
11780,1
11793,0
11801,0
11805,1
11839,0
11843,0
11862,1
11878,0
11880,0
11906,0
11928,1
11941,0
11955,1
11960,0
11977,1
11983,0
11987,1
12002,1
12065,0
12076,0
12102,1
12120,0
12177,1
12180,0
12187,1
12198,0
12209,0
12244,0
12285,0
12329,1
12353,1
12355,0
12379,1
12380,0
12409,1
12420,1
12434,0
12443,1
12498,0
12503,0
12507,0
12542,0
12552,0
12615,1
12627,1
12649,0
12694,0
12699,0
12708,0
12712,1
12734,1
12736,0
12745,0
12769,1
12824,0
12858,1
12902,1
12944,1
12958,1
12960,1
12984,1
13015,1
13033,1
13046,1
13057,1
13065,1
13107,0
13122,0
13126,1
13136,1
13215,1
13266,1
13317,0
13331,0
13352,1
13361,0
13422,0
13436,1
13470,0
13481,1
13487,0
13491,1
13503,0
13519,0
13521,1
13566,0
13658,0
13671,0
13679,0
13698,0
13713,1
13824,0
13825,1
13893,0
13901,0
13939,1
13999,1
14007,1
14013,1
14024,0
14041,0
14044,1
14099,0
14111,1
14116,1
14129,1
14182,1
14233,0
14243,0
14340,1
14351,0
14359,0
14408,1
14420,1
14435,1
14437,0
14443,0
14467,0
14480,1
14510,1
14579,0
14639,1
14660,0
14706,0
14711,0
14714,1
14721,1
14765,0
14788,1
14808,0
14813,1
14825,0
14828,0
14880,1
14890,0
14899,0
14900,0
14956,0
14964,0
15039,1
15064,1
15082,1
15090,1
15092,1
15099,1
15105,1
15114,1
15124,0
15133,0
15145,0
15228,0
15266,1
15267,1
15289,1
15347,1
15396,0
15409,1
15410,0
15437,0
15450,1
15459,1
15468,1
15561,0
15602,1
15612,1
15659,1
15664,0
15665,1
15678,1
15701,1
15730,1
15742,1
15743,0
15771,0
15822,1
15860,0
15867,0
15896,0
15906,1
15914,0
15920,1
15937,0
15944,1
15946,0
16005,1
16012,1
16019,0
16036,1
16037,0
16067,0
16071,0
16097,1
16201,0
16208,1
16254,0
16290,1
16318,1
16321,0
16330,1
16361,1
16428,0
16448,1
16493,1
16535,1
16630,1
16633,1
16639,0
16640,0
16676,1
16696,1
16697,1
16705,1
16715,0
16723,1
16729,0
16748,0
16754,1
16765,0
16769,1
16778,0
16800,1
16840,1
16848,0
16892,1
16941,1
16958,0
16964,1
16994,0
17042,0
17053,0
17071,0
17089,1
17092,0
17199,0
17218,1
17222,0
17254,0
17259,0
17274,1
17304,0
17315,1
17318,0
17325,0
17330,0
17332,0
17337,1
17341,1
17382,1
17386,0
17390,0
17391,1
17400,1
17429,0
17440,1
17458,1
17461,0
17491,1
17504,1
17505,0
17516,1
17524,0
17562,1
17592,1
17599,0
17623,0
17659,0
17665,0
17681,1
17698,1
17713,0
17720,0
17724,1
17780,1
17791,0
17926,0
17963,0
18010,1
18017,0
18048,1
18092,0
18131,0
18134,1
18207,0
18231,0
18240,0
18261,1
18263,1
18289,0
18310,0
18349,0
18350,1
18359,0
18371,0
18372,1
18481,0
18525,1
18528,0
18536,0
18564,1
18568,1
18586,0
18641,0
18653,1
18671,1
18682,1
18690,0
18705,0
18720,0
18778,0
18780,0
18789,1
18826,0
18880,0
18893,0
18914,0
18921,0
18943,1
18962,1
18965,1
19005,1
19010,1
19028,0
19092,0
19094,1
19096,1
19122,1
19169,1
19184,1
19199,1
19207,1
19209,1
19255,0
19293,0
19299,0
19340,1
19366,1
19403,1
19407,1
19413,0
19426,0
19434,1
19457,0
19487,1
19490,1
19497,1
19535,1
19539,1
19547,0
19565,0
19595,0
19621,0
19626,1
19658,0
19662,0
19764,0
19929,0
19965,1
19975,1
20057,1
20074,1
20081,1
20086,0
20093,1
20101,0
20174,0
20191,1
20214,1
20216,1
20296,1
20300,1
20363,0
20374,0
20376,1
20396,0
20430,0
20433,1
20454,1
20458,1
20464,0
20496,0
20499,1
20531,1
20549,0
20570,0
20599,0
20624,1
20636,1
20653,0
20680,1
20717,0
20734,1
20735,0
20755,1
20783,1
20789,1
20812,1
20815,0
20825,0
20831,0
20859,1
20862,1
20904,1
20907,1
20940,0
20941,0
20977,0
21008,0
21041,0
21054,0
21075,1
21125,1
21133,0
21178,1
21192,0
21217,0
21219,1
21260,0
21288,1
21344,0
21372,0
21469,0
21495,0
21515,1
21538,0
21548,0
21552,1
21569,1
21577,0
21609,0
21629,1
21633,0
21654,1
21669,0
21691,1
21728,0
21743,1
21744,1
21767,1
21799,0
21835,1
21857,0
21875,1
22072,1
22088,0
22167,0
22170,0
22172,1
22195,1
22220,0
22225,0
22241,0
22267,0
22273,0
22280,0
22329,1
22346,0
22373,0
22374,0
22412,0
22413,1
22450,0
22455,0
22467,0
22485,1
22499,1
22501,0
22510,1
22519,0
22567,0
22623,0
22625,1
22704,0
22739,0
22743,0
22752,1
22754,1
22756,1
22773,0
22774,0
22804,1
22828,0
22853,1
22882,1
22918,0
22950,0
23002,0
23008,0
23059,0
23074,0
23091,0
23151,0
23155,1
23162,0
23167,1
23235,0
23270,1
23286,0
23298,0
23340,0
23344,1
23373,0
23397,1
23398,1
23415,0
23429,0
23462,0
23517,1
23522,0
23540,1
23547,1
23569,1
23570,0
23585,1
23602,0
23609,0
23620,0
23661,0
23667,0
23672,1
23683,0
23707,0
23714,0
23725,1
23761,1
23766,0
23776,1
23791,0
23844,1
23854,0
23860,1
23873,1
23898,0
23899,1
23927,0
23930,1
23976,0
23981,0
24006,1
24014,0
24027,0
24031,0
24053,1
24060,0
24096,1
24101,0
24126,0
24164,0
24173,1
24185,0
24267,0
24327,1
24372,1
24373,1
24384,0
24430,1
24450,0
24515,1
24553,1
24555,1
24603,1
24612,1
24648,0
24676,0
24719,1
24787,0
24821,1
24849,0
24861,0
24875,1
24889,1
24906,0
24916,0
24971,0
24988,1
25016,1
25045,0
25090,0
25098,0
25099,0
25104,0
25163,0
25167,1
25194,1
25207,1
25247,1
25304,1
25335,1
25349,1
25386,1
25427,0
25433,0
25449,0
25465,0
25478,0
25480,0
25485,0
25518,1
25561,0
25577,1
25585,0
25591,1
25602,0
25604,1
25610,1
25646,0
25655,1
25656,1
25665,0
25717,1
25726,0
25781,0
25794,0
25808,1
25818,1
25895,0
25912,0
25913,1
25980,0
25982,0
26019,1
26111,0
26114,1
26139,1
26150,0
26168,0
26177,1
26181,1
26212,1
26227,0
26230,0
26247,1
26291,0
26303,0
26310,1
26324,1
26331,0
26353,0
26358,0
26448,0
26460,1
26496,1
26543,1
26568,1
26580,0
26601,0
26605,1
26633,0
26663,0
26676,1
26682,0
26760,0
26777,0
26792,1
26863,0
26885,1
26891,1
26903,0
26904,1
26923,1
26928,0
26948,0
26951,0
26972,0
26999,0
27056,1
27121,1
27131,1
27189,0
27210,1
27249,1
27250,0
27300,1
27307,0
27378,0
27394,0
27401,0
27433,1
27440,1
27459,1
27497,1
27498,1
27508,0
27550,1
27553,0
27599,1
27608,1
27611,1
27618,1
27641,1
27653,0
27662,0
27667,1
27708,1
27718,0
27723,0
27733,1
27810,1
27835,1
27862,1
27865,0
27896,0
27906,0
27916,0
27952,0
27964,0
28021,1
28111,1
28150,0
28157,0
28158,0
28177,0
28194,1
28202,1
28219,0
28230,0
28232,1
28261,0
28305,1
28340,1
28345,0
28373,0
28379,1
28392,1
28433,0
28439,1
28460,0
28478,0
28502,1
28512,1
28570,0
28593,0
28608,1
28614,0
28672,0
28719,0
28741,1
28746,1
28753,1
28764,0
28815,1
28861,1
28862,0
28865,0
28875,1
28885,1
28888,1
28931,1
28956,0
28967,1
28983,1
29044,0
29083,0
29137,1
29142,1
29159,1
29172,1
29173,1
29181,0
29248,0
29249,1
29282,0
29308,1
29426,0
29465,1
29470,1
29563,0
29564,1
29626,1
29682,1
29696,1
29699,1
29700,1
29726,0
29742,0
29756,1
29759,1
29769,0
29773,0
29804,0
29832,0
29862,1
29878,1
29903,0
29929,0
29947,0
29955,0
29967,1
30004,0
30034,0
30068,0
30172,1
30178,1
30180,1
30183,0
30196,1
30238,1
30252,0
30269,1
30273,0
30323,1
30343,1
30366,0
30397,0
30403,1
30411,1
30418,0
30420,1
30478,0
30485,0
30514,0
30538,1
30564,1
30567,1
30596,1
30621,1
30635,0
30654,1
30689,0
30698,0
30725,1
30741,0
30775,1
30785,0
30789,0
30802,0
30827,1
30973,1
31033,1
31186,1
31239,0
31246,1
31254,1
31283,0
31299,0
31333,1
31345,0
31411,1
31439,0
31453,1
31463,0
31495,1
31498,0
31501,1
31503,1
31504,1
31535,1
31537,1
31581,1
31592,0
31619,1
31650,0
31651,1
31662,0
31675,1
31695,0
31758,1
31761,0
31784,1
31793,0
31802,0
31810,0
31901,1
31902,0
31918,1
31919,1
31928,1
31929,1
31993,0
32025,1
32036,0
32038,1
32042,0
32043,1
32106,1
32136,0
32176,1
32190,1
32215,1
32225,1
32227,1
32257,1
32293,1
32326,1
32367,0
32482,1
32511,0
32517,1
32585,0
32590,0
32595,0
32596,1
32659,1
32696,0
32736,1
32739,1
32751,0
32827,1
32828,0
32832,0
32833,1
32834,0
32864,1
32897,1
32904,1
32960,1
32962,0
32965,1
32975,1
33021,1
33027,0
33061,0
33068,1
33158,1
33212,1
33217,1
33221,1
33226,0
33256,1
33332,0
33341,0
33358,1
33375,0
33377,1
33385,0
33407,0
33446,1
33498,0
33506,1
33522,1
33528,1
33614,1
33626,1
33641,1
33663,0
33716,0
33843,1
33859,0
33882,0
33913,1
33944,0
33948,1
33975,1
34005,0
34026,1
34046,1
34058,1
34084,1
34100,0
34168,1
34179,0
34228,1
34246,0
34251,0
34252,1
34253,0
34258,1
34267,1
34269,0
34330,0
34348,0
34352,0
34446,1
34469,0
34506,1
34575,0
34580,0
34594,1
34599,0
34676,1
34709,0
34735,0
34754,1
34764,1
34767,1
34789,1
34815,1
34825,1
34839,1
34846,0
34875,1
34889,0
34943,0
34975,1
35018,0
35059,0
35062,1
35076,0
35096,1
35100,0
35114,0
35122,1
35239,0
35267,0
35282,1
35349,1
35354,0
35359,0
35364,1
35419,0
35423,1
35425,1
35426,0
35433,1
35452,1
35459,0
35477,1
35518,0
35557,0
35588,0
35619,1
35623,0
35639,0
35642,0
35664,0
35678,1
35695,1
35784,0
35800,1
35816,1
35921,1
35928,0
35967,1
35973,1
35974,1
36003,1
36010,1
36037,0
36117,1
36155,1
36162,0
36188,0
36223,0
36263,0
36264,1
36319,1
36412,1
36420,1
36427,1
36438,0
36450,1
36476,0
36520,0
36572,0
36583,1
36587,1
36615,0
36690,0
36769,0
36787,0
36806,0
36814,0
36832,1
36834,0
36883,0
36894,0
36912,0
36920,0
36932,1
36933,0
36980,1
36998,0
37050,0
37052,1
37070,0
37109,1
37112,1
37122,1
37125,1
37132,1
37160,1
37199,0
37201,1
37210,0
37215,0
37229,1
37233,1
37249,1
37269,0
37291,1
37362,1
37370,0
37381,1
37392,0
37412,1
37445,0
37553,1
37572,0
37596,1
37600,1
37738,0
37762,1
37802,1
37814,0
37838,0
37881,1
37905,0
37907,1
37929,1
37933,0
37946,0
37962,1
37972,0
38015,1
38040,0
38089,1
38114,1
38160,1
38170,1
38178,1
38183,1
38184,1
38196,0
38219,0
38226,0
38230,1
38231,0
38280,0
38331,0
38339,0
38350,1
38360,1
38372,0
38379,1
38381,1
38408,1
38416,1
38431,1
38436,0
38468,1
38469,0
38474,1
38485,0
38520,0
38543,1
38560,0
38579,1
38586,0
38587,0
38593,1
38608,0
38619,1
38699,0
38762,1
38816,0
38822,0
38845,1
38851,1
38870,0
38922,1
38953,0
38967,0
38991,0
38999,1
39033,1
39081,1
39096,0
39100,0
39305,0
39320,1
39332,0
39376,1
39388,1
39394,1
39409,1
39415,1
39423,0
39465,0
39490,0
39502,0
39522,1
39524,1
39535,1
39540,0
39594,0
39605,1
39619,0
39662,0
39698,0
39701,1
39771,0
39828,1
39841,0
39854,1
39871,0
39881,0
39894,1
39939,1
40021,1
40025,0
40031,1
40081,0
40085,1
40093,0
40109,0
40110,0
40145,1
40151,0
40172,1
40182,0
40184,0
40278,0
40280,0
40284,1
40323,0
40328,0
40347,1
40348,0
40387,1
40425,1
40435,0
40445,0
40471,1
40558,1
40573,1
40626,1
40669,1
40699,1
40711,1
40768,1
40795,0
40819,1
40851,0
40932,0
40936,1
40938,1
40947,0
40956,0
40966,1
41010,1
41011,1
41013,1
41023,0
41048,0
41094,0
41120,0
41132,0
41158,0
41169,0
41190,1
41257,1
41312,1
41321,1
41346,0
41420,0
41423,1
41447,0
41464,0
41467,0
41497,0
41499,1
41512,1
41515,1
41578,1
41595,0
41637,1
41645,0
41695,1
41815,0
41824,1
41829,0
41842,0
41843,0
41899,0
41922,0
41927,0
41989,0
41991,0
41996,0
42000,1
42068,1
42071,1
42075,1
42083,1
42087,0
42093,1
42144,1
42240,0
42255,1
42257,1
42291,0
42296,1
42328,1
42382,0
42400,0
42409,0
42411,0
42418,1
42425,1
42449,1
42456,0
42469,1
42497,0
42514,1
42552,0
42580,1
42584,1
42585,0
42610,0
42640,0
42651,1
42684,1
42690,0
42713,0
42732,0
42749,0
42754,1
42790,0
42807,0
42855,1
42885,1
42940,0
42992,1
43009,0
43012,1
43017,1
43026,0
43054,1
43103,0
43108,0
43135,1
43146,1
43168,0
43186,1
43218,1
43251,1
43254,0
43279,1
43287,1
43288,0
43317,1
43372,0
43384,0
43394,0
43408,0
43430,1
43447,0
43456,0
43495,0
43516,1
43519,0
43557,0
43611,0
43621,0
43630,0
43651,0
43652,0
43687,0
43691,0
43693,0
43717,0
43737,0
43743,1
43751,1
43794,0
43816,1
43837,1
43853,1
43889,0
43928,1
43934,1
43956,0
43972,1
43985,1
43995,1
44024,1
44048,0
44070,1
44090,0
44120,1
44130,1
44133,1
44136,1
44149,1
44159,0
44177,0
44196,0
44198,1
44202,0
44233,1
44239,0
44252,0
44283,0
44348,1
44351,0
44388,1
44423,0
44434,1
44490,1
44502,1
44524,1
44550,1
44562,1
44585,1
44614,1
44668,1
44688,1
44692,0
44693,1
44729,0
44732,0
44736,1
44737,0
44743,1
44757,1
44760,0
44778,1
44787,0
44829,0
44888,0
44916,0
44925,1
44957,1
44963,1
44965,0
45024,1
45037,0
45055,0
45058,0
45063,0
45073,0
45089,0
45126,1
45140,1
45156,1
45185,0
45187,0
45223,1
45243,1
45261,1
45292,0
45293,1
45296,1
45325,0
45340,0
45380,1
45394,1
45396,0
45454,0
45455,0
45512,0
45517,1
45576,1
45626,1
45634,1
45655,1
45664,0
45682,0
45748,1
45752,0
45767,1
45778,1
45789,1
45806,1
45819,0
45832,1
45863,1
45893,1
45894,0
45923,1
45954,0
46007,0
46064,1
46081,0
46104,0
46105,1
46135,1
46138,0
46150,1
46194,0
46203,1
46258,1
46260,1
46265,0
46266,0
46278,0
46291,1
46296,0
46317,1
46331,1
46332,0
46338,1
46351,0
46372,1
46403,0
46406,1
46432,1
46479,0
46496,0
46500,1
46526,0
46529,1
46537,1
46565,1
46589,1
46618,1
46690,0
46694,0
46731,0
46754,1
46763,0
46795,0
46824,0
46862,1
46912,0
46915,0
46945,0
46947,1
47026,0
47060,1
47066,1
47073,0
47137,1
47180,0
47190,1
47198,0
47217,0
47238,1
47239,0
47244,1
47285,0
47352,1
47353,1
47355,1
47374,1
47376,1
47491,0
47497,0
47498,1
47512,0
47549,0
47550,1
47558,1
47613,1
47674,1
47699,0
47723,0
47753,1
47819,0
47831,0
47899,1
47906,0
47943,0
47961,1
47972,0
48014,0
48043,0
48149,1
48151,1
48203,0
48229,1
48246,0
48252,1
48285,0
48310,1
48350,0
48356,0
48383,1
48421,0
48431,0
48446,1
48447,1
48489,0
48523,0
48543,0
48631,1
48638,1
48666,0
48705,0
48711,0
48712,0
48714,1
48716,0
48730,0
48738,1
48758,1
48763,1
48769,1
48780,0
48812,0
48876,1
48915,1
48988,0
49026,0
49059,0
49079,1
49147,1
49153,1
49172,0
49304,0
49339,0
49343,1
49350,1
49376,0
49381,0
49385,1
49395,1
49434,1
49458,0
49464,0
49507,1
49529,0
49563,1
49610,0
49658,0
49692,0
49720,1
49793,0
49798,1
49820,0
49843,1
49849,1
49883,1
49894,1
49896,1
49962,0
49981,0
49995,1
50018,1
50038,1
50058,0
50079,1
50082,0
50084,1
50086,0
50117,1
50135,0
50141,0
50161,1
50174,1
50175,1
50186,1
50219,0
50226,0
50246,0
50269,0
50275,0
50294,0
50308,1
50311,0
50314,0
50366,0
50410,1
50487,0
50532,1
50543,0
50553,0
50648,1
50685,0
50722,0
50733,1
50756,1
50787,0
50807,0
50824,1
50826,1
50851,1
50878,1
50903,0
50907,0
50912,1
50934,0
50944,1
50958,1
50972,0
50989,1
50991,1
50996,0
51033,0
51039,1
51060,0
51065,0
51079,0
51169,0
51195,0
51222,0
51234,1
51252,0
51254,1
51256,1
51266,1
51275,0
51320,0
51327,1
51338,1
51355,1
51396,1
51403,0
51435,1
51438,0
51459,1
51478,0
51497,0
51500,1
51535,1
51593,1
51602,1
51696,0
51704,0
51722,0
51723,0
51747,0
51754,1
51804,0
51809,1
51851,0
51887,0
51971,1
51984,0
52040,0
52049,1
52055,0
52076,1
52124,0
52131,1
52170,0
52177,0
52183,1
52190,1
52226,0
52278,0
52283,0
52284,0
52299,0
52325,1
52354,1
52373,0
52381,1
52382,1
52428,0
52480,0
52541,0
52550,1
52566,0
52607,1
52635,1
52648,1
52665,1
52670,1
52673,1
52684,1
52710,1
52713,1
52721,0
52790,1
52794,1
52892,1
52906,1
52908,0
52916,0
52982,0
53022,0
53028,1
53034,1
53049,1
53054,0
53101,1
53103,0
53117,0
53183,1
53233,0
53287,0
53289,1
53321,1
53345,0
53351,0
53365,1
53416,0
53420,0
53439,0
53443,1
53480,0
53481,0
53516,0
53592,1
53607,0
53615,1
53631,0
53637,1
53643,1
53645,1
53655,1
53659,0
53663,1
53681,0
53686,1
53701,1
53740,0
53755,0
53786,0
53817,1
53842,1
53857,0
53858,1
53891,1
53907,0
53938,0
53944,0
53955,0
53967,1
53975,1
54016,0
54040,1
54084,1
54131,1
54156,1
54169,1
54204,1
54207,0
54208,1
54218,1
54223,1
54232,0
54254,1
54266,1
54290,1
54299,1
54308,1
54317,0
54326,1
54335,1
54392,0
54427,0
54441,1
54453,1
54516,1
54526,0
54530,1
54559,0
54586,1
54610,0
54612,0
54626,0
54642,1
54657,1
54665,1
54737,1
54762,1
54787,0
54791,1
54796,1
54818,1
54839,0
54840,1
54848,1
54922,1
54946,0
54977,1
54983,1
55041,0
55065,1
55151,0
55188,1
55226,1
55232,0
55242,0
55259,1
55262,1
55267,1
55273,1
55295,1
55312,0
55320,1
55502,0
55504,1
55513,1
55551,1
55566,0
55571,1
55578,1
55593,0
55604,0
55648,1
55661,1
55678,1
55727,1
55735,0
55753,0
55756,1
55786,0
55816,0
55856,0
55878,0
55889,0
55901,1
55906,1
55928,0
55964,1
55971,0
55986,0
55993,0
56011,0
56136,0
56166,1
56168,1
56203,1
56233,1
56279,1
56283,1
56287,1
56326,0
56341,1
56343,1
56360,0
56382,1
56451,0
56469,1
56553,0
56566,1
56569,0
56606,1
56612,0
56648,1
56654,1
56664,0
56719,0
56727,1
56759,1
56773,1
56781,0
56789,0
56809,0
56818,0
56869,0
56882,0
56916,1
56934,0
56946,1
56963,0
56983,0
57014,0
57069,1
57078,0
57120,1
57132,1
57157,0
57162,0
57182,0
57206,1
57208,1
57243,0
57263,0
57291,0
57302,1
57324,1
57385,0
57405,0
57418,0
57435,1
57446,1
57448,1
57486,0
57501,1
57514,0
57523,1
57540,0
57576,1
57596,1
57600,0
57750,1
57757,0
57767,1
57770,0
57780,0
57818,1
57858,1
57864,1
57897,0
57911,0
57930,1
58012,0
58018,1
58054,0
58061,0
58064,1
58068,0
58079,0
58113,0
58118,1
58126,0
58128,0
58139,1
58162,0
58198,1
58244,1
58246,0
58254,1
58288,1
58305,1
58327,1
58376,1
58377,0
58384,0
58389,0
58406,1
58435,1
58457,0
58473,1
58485,1
58501,1
58516,0
58518,1
58522,1
58564,1
58581,1
58585,1
58604,1
58632,1
58685,1
58737,0
58823,1
58830,1
58851,0
58881,0
58947,0
58956,1
58978,1
58983,1
59004,0
59016,0
59040,0
59091,1
59110,0
59178,1
59201,1
59203,0
59215,1
59226,0
59234,1
59236,0
59289,1
59305,0
59348,1
59373,0
59376,0
59390,1
59418,1
59474,0
59478,1
59491,0
59497,0
59498,0
59503,1
59528,0
59557,0
59601,1
59610,1
59640,0
59650,1
59654,1
59681,0
59701,1
59708,0
59725,0
59734,0
59769,0
59802,0
59813,0
59847,0
59853,0
59884,1
59913,0
59955,1
59957,0
59959,1
59973,0
59982,0
60008,0
60060,1
60078,0
60088,1
60112,0
60114,1
60126,1
60140,0
60144,1
60162,0
60207,0
60263,0
60268,0
60302,0
60326,0
60373,0
60377,0
60392,1
60411,1
60439,0
60441,1
60480,1
60541,1
60641,0
60647,1
60690,1
60717,1
60738,0
60742,0
60777,1
60808,0
60810,0
60824,1
60885,0
60962,0
60973,0
60985,1
61001,1
61049,0
61051,1
61054,1
61068,0
61076,0
61082,1
61095,0
61097,1
61110,1
61118,1
61121,0
61172,0
61185,0
61226,1
61237,1
61255,1
61281,1
61314,0
61337,0
61352,1
61372,1
61417,0
61432,0
61451,1
61453,1
61477,1
61479,1
61489,1
61499,0
61518,1
61532,1
61551,1
61556,1
61616,1
61632,0
61647,1
61658,1
61692,0
61694,0
61695,1
61703,0
61711,0
61724,1
61726,1
61834,0
61879,1
61889,1
61922,0
61932,1
61946,0
61953,1
61970,0
62001,0
62011,0
62089,1
62118,0
62123,1
62130,1
62137,1
62156,1
62159,0
62170,1
62184,0
62205,1
62210,0
62222,1
62259,1
62298,1
62361,1
62378,1
62429,1
62439,1
62488,1
62517,0
62562,1
62569,1
62589,1
62623,0
62637,0
62652,0
62655,0
62687,1
62807,1
62814,1
62896,0
62903,1
62915,1
62928,0
62950,1
62952,0
62979,1
62991,1
63051,0
63058,0
63059,1
63064,0
63069,1
63114,1
63130,0
63143,1
63155,0
63203,1
63227,0
63258,0
63269,1
63282,0
63287,0
63331,0
63333,1
63349,1
63352,0
63363,0
63391,0
63397,0
63406,0
63438,1
63458,1
63486,0
63552,1
63576,0
63599,0
63660,0
63693,1
63716,1
63745,1
63755,0
63819,0
63859,0
63862,1
63864,1
63891,1
63901,1
63938,0
63999,1
64058,0
64106,0
64150,1
64169,1
64190,1
64238,1
64251,1
64294,0
64299,0
64334,1
64363,1
64409,0
64465,1
64475,0
64478,0
64487,0
64519,0
64520,1
64527,0
64589,1
64590,1
64604,1
64611,1
64621,1
64629,1
64646,0
64683,0
64697,0
64698,1
64710,0
64724,1
64731,0
64740,0
64752,1
64764,0
64768,1
64786,1
64807,1
64851,0
64863,1
64867,1
64974,0
64985,0
65004,0
65037,1
65042,0
65045,1
65057,0
65131,0
65146,1
65148,1
65162,1
65171,0
65177,1
65210,0
65240,0
65242,1
65308,1
65318,1
65342,1
65348,0
65359,0
65374,1
65419,1
65437,0
65450,0
65471,0
65495,1
65539,1
65540,0
65550,1
65592,0
65600,1
65609,0
65628,1
65662,1
65678,0
65708,0
65709,0
65796,0
65800,1
65817,0
65840,1
65872,0
65873,0
65875,0
65879,1
65890,1
65925,1
65936,0
66029,0
66058,1
66106,1
66181,1
66215,0
66253,0
66259,1
66270,0
66282,1
66306,1
66339,1
66342,0
66363,0
66375,1
66395,1
66408,0
66440,1
66445,1
66474,1
66493,1
66527,0
66549,1
66565,1
66589,0
66594,1
66598,0
66651,1
66675,0
66758,1
66795,0
66800,1
66828,1
66853,0
66886,0
66903,0
66908,1
66911,1
66936,0
66971,0
67055,1
67064,0
67065,0
67070,0
67120,0
67178,0
67224,0
67248,0
67298,0
67305,1
67308,0
67361,0
67395,1
67405,1
67411,1
67418,1
67487,0
67496,0
67516,1
67530,1
67560,1
67573,0
67637,1
67688,1
67715,0
67722,0
67723,1
67796,0
67802,1
67803,1
67806,0
67822,1
67848,1
67895,1
67897,0
67909,0
67927,0
67943,1
67961,0
67972,1
67990,1
68019,1
68040,1
68096,0
68102,1
68127,1
68133,1
68166,1
68175,0
68189,1
68225,1
68231,1
68241,1
68284,1
68306,0
68307,0
68309,0
68348,1
68372,0
68412,1
68452,1
68455,1
68478,0
68496,1
68531,1
68540,0
68584,1
68630,1
68637,1
68642,1
68678,0
68687,0
68695,1
68785,1
68849,0
68856,0
68866,1
68872,0
68877,0
68881,1
68902,0
68911,0
68914,0
68951,0
68960,0
68969,0
69002,1
69009,1
69010,1
69042,0
69069,0
69102,1
69111,0
69125,1
69141,0
69147,1
69163,1
69165,1
69174,1
69187,1
69189,1
69206,0
69213,0
69221,0
69279,1
69311,0
69324,1
69364,0
69374,1
69396,1
69402,0
69416,1
69445,1
69484,1
69485,0
69542,1
69544,0
69554,1
69560,1
69577,1
69607,1
69620,1
69634,1
69636,0
69691,0
69755,1
69773,1
69821,1
69838,1
69852,0
69883,0
69916,0
69917,1
69998,0
70024,0
70050,1
70062,0
70208,0
70209,0
70210,1
70236,0
70255,1
70259,1
70262,0
70301,0
70305,0
70360,0
70390,0
70394,0
70424,1
70446,1
70468,1
70476,0
70478,0
70480,0
70484,1
70522,1
70529,0
70565,1
70601,1
70605,1
70616,0
70618,1
70648,0
70705,1
70741,1
70800,1
70830,0
70858,0
70882,0
70940,0
70958,0
71001,0
71006,1
71012,0
71110,1
71112,0
71143,0
71147,0
71183,0
71189,0
71193,1
71198,0
71224,1
71242,0
71244,0
71324,1
71358,1
71384,0
71411,1
71433,0
71487,1
71544,1
71549,1
71563,1
71565,0
71568,1
71580,1
71588,1
71603,1
71616,1
71626,1
71627,1
71643,0
71686,0
71689,0
71736,1
71771,0
71785,1
71802,1
71854,0
71865,1
71881,1
71883,0
71948,1
71954,0
71980,1
71989,1
71996,0
71997,1
72005,0
72019,1
72024,0
72025,0
72033,1
72052,0
72080,1
72086,1
72132,1
72140,0
72151,0
72251,1
72283,1
72287,1
72291,1
72386,1
72414,0
72462,1
72466,1
72502,0
72519,1
72534,1
72548,0
72549,1
72586,1
72609,1
72615,0
72626,0
72637,1
72642,1
72670,0
72689,0
72695,1
72696,0
72711,0
72745,1
72759,0
72784,0
72844,1
72848,1
72881,1
72892,0
72909,0
72975,1
72982,1
72992,0
72997,1
73035,1
73061,1
73066,1
73100,1
73148,0
73190,0
73198,1
73211,1
73214,0
73216,0
73223,0
73231,0
73254,1
73268,1
73271,1
73274,1
73288,1
73307,1
73379,0
73387,1
73389,1
73415,1
73419,1
73440,0
73520,0
73558,0
73570,0
73591,1
73632,1
73638,0
73687,0
73693,0
73697,0
73753,1
73773,1
73795,0
73847,1
73879,0
73886,0
73888,0
73956,1
73959,0
73983,1
74052,1
74113,1
74120,1
74122,0
74164,1
74176,1
74217,0
74250,0
74256,0
74289,1
74312,1
74377,0
74410,1
74417,1
74441,0
74452,1
74600,0
74674,0
74679,0
74686,1
74696,1
74729,1
74735,1
74770,0
74833,0
74868,1
74879,0
74897,0
74898,1
74919,1
74924,0
74933,1
74941,0
75049,1
75057,0
75086,0
75090,1
75114,0
75160,0
75162,1
75213,1
75224,1
75248,1
75258,0
75264,0
75266,0
75345,0
75357,0
75386,1
75411,0
75439,0
75449,1
75458,0
75493,1
75511,1
75514,1
75521,0
75544,1
75567,1
75571,1
75573,0
75581,0
75590,1
75636,1
75649,0
75670,0
75699,0
75710,0
75771,0
75802,1
75804,1
75805,0
75831,1
75921,0
75926,0
75953,1
75965,0
75974,0
75983,1
76002,0
76004,1
76018,0
76027,1
76053,1
76065,1
76101,0
76120,1
76132,1
76134,1
76163,0
76165,0
76210,1
76218,1
76253,0
76260,0
76295,0
76362,0
76366,1
76386,0
76404,0
76427,0
76444,0
76471,0
76478,1
76481,0
76491,1
76500,1
76512,0
76527,1
76545,0
76548,1
76619,0
76620,0
76648,0
76651,0
76681,0
76706,1
76730,1
76736,1
76752,1
76824,0
76846,0
76876,0
76904,0
76931,0
76986,1
77001,0
77009,1
77025,1
77042,1
77055,1
77068,0
77089,0
77091,1
77096,1
77122,0
77141,1
77157,1
77193,0
77195,1
77225,1
77346,1
77351,1
77365,1
77371,0
77390,0
77408,0
77446,0
77482,0
77483,0
77488,1
77517,0
77546,0
77607,0
77637,0
77639,0
77686,0
77703,0
77726,1
77750,0
77752,0
77768,0
77808,0
77809,1
77829,1
77831,1
77904,0
77949,0
77972,0
77988,0
78008,0
78014,0
78030,0
78034,1
78056,1
78068,1
78107,1
78128,0
78157,1
78161,1
78216,1
78270,1
78361,1
78365,0
78418,1
78447,1
78474,1
78486,1
78501,0
78534,0
78548,0
78549,1
78579,1
78589,1
78595,0
78638,0
78665,0
78669,0
78679,1
78684,0
78691,0
78692,1
78699,0
78712,0
78714,0
78717,0
78774,0
78777,0
78787,1
78825,1
78853,1
78899,1
78916,1
78927,1
78951,1
78985,0
78990,0
78992,0
79036,0
79039,0
79050,0
79055,0
79057,1
79078,0
79092,1
79100,0
79119,1
79173,0
79269,1
79321,0
79328,1
79345,0
79369,0
79484,0
79505,1
79525,0
79547,0
79562,1
79564,1
79589,1
79590,0
79591,1
79598,0
79658,1
79663,1
79684,1
79688,1
79690,0
79698,1
79713,0
79724,0
79739,1
79740,1
79752,1
79758,0
79786,0
79825,1
79869,1
79883,1
79898,0
79907,1
79923,1
79928,0
79986,1
80012,0
80025,1
80050,1
80096,0
80165,1
80189,0
80198,1
80219,0
80225,0
80231,1
80233,0
80234,1
80250,1
80286,1
80324,1
80359,0
80387,1
80414,1
80415,1
80430,0
80433,0
80444,1
80472,1
80481,1
80493,1
80500,1
80526,0
80539,0
80545,1
80547,1
80572,0
80612,0
80645,0
80652,1
80682,0
80796,1
80841,1
80855,1
80899,0
80936,1
80940,0
80948,0
80977,0
80995,0
81002,0
81003,1
81054,0
81073,1
81086,1
81109,1
81138,1
81157,1
81165,1
81172,0
81175,1
81197,0
81238,0
81239,0
81255,0
81296,0
81322,1
81329,1
81383,0
81404,0
81408,0
81409,0
81412,1
81430,0
81432,0
81455,0
81489,1
81542,0
81557,1
81570,0
81609,1
81677,0
81687,1
81719,0
81730,0
81751,1
81784,1
81789,0
81865,0
81876,0
81903,1
81923,1
81981,1
82001,1
82002,0
82012,1
82042,1
82043,0
82053,1
82068,0
82076,1
82080,0
82122,0
82131,0
82140,0
82150,0
82160,0
82174,1
82193,0
82194,0
82195,1
82200,1
82216,1
82232,1
82241,1
82255,0
82256,1
82284,0
82291,0
82304,1
82312,0
82314,0
82334,1
82359,0
82364,1
82381,1
82400,1
82444,1
82502,0
82576,0
82639,1
82685,0
82763,1
82793,0
82804,0
82808,1
82816,1
82840,0
82874,0
82910,0
82916,0
82917,1
82962,0
83001,0
83004,0
83020,1
83027,1
83081,0
83086,0
83108,1
83111,0
83142,0
83205,0
83206,1
83218,0
83234,0
83247,0
83258,1
83261,1
83308,0
83334,0
83352,0
83361,0
83375,0
83378,1
83381,1
83389,0
83400,1
83423,0
83454,1
83459,1
83467,0
83482,1
83560,1
83574,1
83582,1
83621,0
83639,1
83646,0
83710,0
83715,1
83719,0
83754,0
83770,0
83777,0
83780,0
83823,1
83834,0
83855,0
83857,1
83909,1
83970,1
83977,1
83998,1
84012,0
84029,0
84053,0
84068,0
84098,0
84117,0
84124,1
84130,1
84150,1
84199,0
84214,0
84307,1
84327,1
84364,1
84381,0
84421,1
84424,1
84433,1
84440,1
84457,0
84492,1
84533,1
84622,1
84627,1
84664,1
84676,0
84680,0
84698,0
84700,1
84709,1
84733,1
84740,1
84756,0
84773,0
84779,1
84897,0
84919,1
84920,0
84925,1
84946,1
84951,0
85017,0
85024,0
85027,0
85073,1
85191,0
85213,1
85228,0
85263,1
85287,1
85305,0
85316,1
85327,1
85548,0
85555,1
85590,1
85594,1
85612,1
85613,1
85629,0
85631,0
85634,1
85662,0
85678,0
85711,0
85714,1
85716,1
85747,0
85769,1
85797,0
85804,0
85815,0
85831,0
85842,1
85860,0
85916,0
86040,0
86051,0
86058,1
86100,1
86127,0
86155,1
86184,1
86203,1
86285,1
86288,1
86300,1
86350,0
86356,1
86358,1
86387,0
86394,0
86412,1
86452,0
86481,1
86508,1
86546,0
86552,1
86553,1
86578,0
86594,0
86635,1
86654,0
86656,0
86669,1
86704,1
86722,1
86739,1
86750,1
86759,0
86764,1
86793,0
86813,1
86850,0
86853,0
86858,0
86867,0
86899,1
86902,1
86914,1
87051,0
87075,0
87097,0
87133,1
87162,1
87172,0
87176,0
87184,0
87191,1
87204,1
87248,0
87257,0
87266,1
87349,1
87351,0
87356,1
87373,0
87403,0
87451,1
87475,0
87489,1
87623,1
87635,1
87663,1
87666,1
87678,0
87701,0
87741,0
87743,0
87790,1
87797,1
87831,0
87835,1
87851,0
87863,1
87864,0
87870,1
87880,0
87896,0
87897,0
87952,0
87999,1
88053,0
88081,1
88120,1
88124,0
88127,0
88131,1
88153,0
88201,1
88234,0
88258,0
88265,1
88273,1
88277,1
88294,0
88304,1
88327,0
88384,1
88394,0
88396,1
88414,0
88415,1
88467,0
88507,1
88538,1
88551,1
88585,0
88594,0
88595,1
88616,0
88641,0
88659,0
88674,1
88695,1
88718,1
88786,1
88791,0
88827,0
88889,1
88919,1
89031,1
89067,1
89129,1
89141,1
89147,1
89156,1
89168,1
89209,0
89268,1
89288,1
89303,0
89309,0
89312,1
89313,0
89327,0
89391,1
89398,0
89515,0
89522,1
89546,1
89614,1
89627,0
89634,0
89659,0
89695,0
89701,1
89702,1
89758,0
89814,0
89839,1
89882,0
89885,0
89897,0
89968,0
89969,1
89984,0
89991,0
90004,1
90007,1
90065,0
90086,0
90087,1
90094,0
90162,1
90164,0
90167,0
90196,1
90197,0
90204,1
90250,0
90262,0
90284,1
90300,1
90324,0
90349,1
90372,0
90380,0
90400,0
90402,1
90412,0
90413,1
90416,0
90441,1
90472,1
90474,1
90476,0
90478,1
90490,1
90563,0
90590,1
90625,1
90631,0
90651,1
90665,1
90685,0
90695,0
90717,1
90745,0
90760,0
90812,0
90823,0
90824,0
90838,0
90843,1
90849,0
90852,0
90868,1
90947,0
90951,1
90979,1
90981,1
90987,1
90997,1
91034,0
91040,1
91048,1
91050,0
91070,0
91095,1
91100,0
91104,0
91142,1
91189,1
91220,0
91225,0
91246,0
91254,1
91280,1
91294,0
91356,0
91362,0
91385,1
91395,1
91428,1
91447,1
91487,0
91497,0
91515,1
91520,1
91523,0
91539,0
91547,0
91583,1
91592,0
91606,0
91627,0
91639,0
91666,0
91668,1
91699,1
91761,1
91778,1
91836,1
91847,0
91857,0
91860,0
91945,0
91969,1
91982,1
92006,1
92029,1
92062,1
92079,0
92080,0
92087,0
92101,1
92104,0
92177,0
92179,1
92224,1
92245,0
92283,1
92308,0
92383,1
92386,1
92391,1
92406,0
92408,1
92413,0
92419,0
92448,1
92464,0
92473,0
92509,1
92518,1
92541,1
92547,1
92555,1
92560,0
92597,1
92610,0
92636,0
92659,0
92671,0
92673,0
92706,1
92708,0
92710,0
92751,1
92815,0
92825,1
92839,1
92845,1
92872,1
92877,0
92900,0
92918,0
92924,1
92963,0
93054,1
93057,0
93077,0
93103,0
93123,1
93130,0
93141,0
93163,0
93174,1
93234,0
93237,0
93265,1
93283,0
93307,1
93320,1
93344,1
93351,0
93362,1
93368,1
93402,1
93407,1
93413,1
93433,0
93454,1
93468,0
93580,1
93588,1
93602,1
93632,1
93676,1
93681,1
93694,1
93728,0
93731,0
93740,0
93748,1
93813,1
93815,1
93816,1
93827,1
93843,1
93846,0
93943,1
93971,0
94012,0
94031,0
94053,1
94108,1
94111,1
94168,0
94184,0
94205,1
94288,1
94305,0
94357,0
94360,0
94389,0
94390,0
94400,0
94405,1
94419,0
94420,0
94449,1
94463,0
94467,1
94486,0
94501,1
94507,0
94517,0
94520,0
94537,0
94568,1
94625,1
94631,1
94700,1
94725,1
94744,1
94747,0
94748,0
94798,0
94836,0
94889,0
94905,1
94906,0
94928,0
94986,0
95024,1
95034,1
95053,1
95076,1
95084,0
95087,1
95105,0
95111,1
95156,1
95164,0
95173,1
95236,0
95265,0
95322,1
95337,0
95341,0
95380,0
95384,1
95432,1
95475,1
95479,1
95495,1
95498,0
95500,0
95510,0
95538,0
95544,0
95589,0
95616,1
95620,1
95665,0
95679,1
95697,1
95707,0
95732,1
95737,1
95758,1
95761,1
95764,0
95812,0
95948,0
96001,1
96027,1
96068,0
96081,0
96163,0
96165,0
96173,1
96214,0
96244,1
96252,0
96280,0
96297,1
96308,1
96360,0
96466,0
96468,1
96504,1
96517,0
96528,1
96555,0
96584,1
96640,0
96688,0
96744,1
96782,0
96794,1
96818,0
96846,0
96873,0
96874,0
96905,0
96921,0
96923,0
96941,0
96950,0
96988,0
97014,1
97033,1
97074,0
97113,0
97147,1
97149,0
97187,0
97207,0
97230,0
97267,0
97272,0
97274,1
97283,1
97289,1
97300,0
97317,0
97388,0
97425,0
97440,0
97489,0
97490,1
97511,1
97514,1
97595,0
97620,1
97641,1
97647,1
97709,1
97718,1
97753,1
97783,0
97799,0
97825,0
97911,1
97945,0
97947,1
97966,1
98011,0
98016,0
98029,1
98039,1
98066,1
98069,0
98085,1
98089,1
98104,1
98110,1
98134,1
98146,1
98163,0
98226,1
98259,1
98264,0
98272,0
98349,0
98358,1
98369,0
98370,0
98387,0
98388,1
98446,1
98470,1
98514,1
98545,0
98558,0
98573,0
98609,1
98612,0
98619,1
98643,0
98653,1
98736,1
98760,1
98780,0
98801,0
98802,1
98832,1
98916,0
98964,0
98965,1
98999,1
99017,1
99027,1
99037,0
99076,1
99077,1
99105,1
99225,0
99251,0
99266,1
99278,1
99318,1
99327,0
99329,0
99369,1
99372,0
99377,1
99395,0
99427,1
99429,1
99459,1
99505,0
99516,1
99545,1
99569,1
99715,0
99754,1
99787,0
99798,1
99804,1
99812,0
99828,0
99857,1
99864,1
99885,1
99895,0
99901,0
99945,0
99950,1
99987,0
100020,0
100023,1
100053,1
100069,0
100082,1
100093,0
100131,1
100135,0
100156,0
100170,0
100196,0
100199,1
100262,1
100275,1
100278,1
100279,1
100290,0
100292,0
100302,1
100319,0
100326,1
100388,1
100405,1
100423,0
100428,1
100430,1
100440,1
100458,1
100471,1
100515,1
100531,0
100537,1
100549,1
100556,0
100582,1
100586,1
100596,0
100600,1
100642,1
100650,1
100656,1
100678,1
100691,0
100717,0
100798,0
100884,1
100890,1
100905,1
100954,0
100961,1
100976,0
101118,1
101142,1
101147,1
101153,1
101161,0
101209,1
101211,1
101247,1
101269,1
101283,1
101291,1
101299,1
101303,0
101305,0
101355,0
101374,0
101385,0
101409,1
101410,0
101481,1
101493,1
101529,0
101541,0
101545,0
101579,1
101594,1
101620,0
101632,1
101663,1
101670,1
101687,1
101696,0
101716,0
101727,0
101752,1
101763,1
101791,1
101811,1
101821,1
101869,0
101889,0
101983,0
101999,1
102006,1
102061,0
102081,1
102137,1
102175,1
102205,1
102237,1
102282,1
102284,0
102308,0
102361,1
102378,0
102453,1
102457,1
102474,1
102485,1
102519,1
102542,1
102543,1
102548,1
102552,0
102571,0
102575,0
102620,0
102651,1
102661,0
102685,0
102709,0
102758,0
102760,1
102787,1
102793,0
102794,1
102828,1
102902,0
102905,1
102909,0
102929,1
102945,0
102948,1
102949,0
102994,0
103010,0
103070,1
103098,0
103143,1
103151,1
103183,1
103211,1
103215,1
103252,1
103304,0
103364,0
103376,0
103400,1
103414,1
103434,1
103438,0
103453,1
103472,1
103482,0
103487,1
103540,1
103556,0
103562,1
103573,0
103584,1
103655,1
103673,0
103699,1
103713,0
103731,1
103763,1
103778,0
103800,1
103809,1
103813,0
103821,0
103862,1
103882,1
103911,1
103975,0
104002,1
104044,1
104097,0
104108,0
104116,0
104119,0
104132,0
104142,1
104157,1
104168,1
104233,0
104242,1
104305,0
104324,1
104331,1
104341,0
104418,1
104431,0
104572,0
104573,1
104584,0
104664,1
104697,1
104704,0
104752,1
104771,1
104792,0
104795,1
104805,1
104816,1
104821,0
104881,0
104917,1
104955,0
104969,1
105066,0
105116,0
105128,1
105140,1
105157,1
105174,0
105181,0
105227,1
105234,0
105245,0
105292,1
105310,0
105336,0
105378,0
105385,0
105387,0
105411,0
105468,1
105494,1
105548,0
105555,0
105556,1
105584,1
105607,0
105614,1
105653,1
105684,0
105691,1
105699,1
105728,0
105806,0
105811,0
105821,0
105843,0
105878,1
105891,0
105901,0
105918,1
105935,1
105944,0
105945,0
105953,0
105981,1
105985,0
106020,0
106030,0
106032,1
106094,0
106177,0
106178,0
106197,0
106218,1
106229,1
106236,1
106257,0
106263,1
106280,0
106300,0
106321,0
106402,0
106410,0
106431,0
106475,0
106536,0
106543,0
106595,1
106608,0
106652,1
106678,1
106711,0
106774,1
106778,1
106802,1
106835,1
106844,0
106914,0
106922,0
106930,0
106941,0
106949,0
106964,1
106990,0
106996,0
107008,1
107035,0
107051,1
107065,1
107081,1
107094,0
107147,0
107218,0
107246,0
107247,1
107265,0
107303,0
107306,0
107353,1
107366,1
107379,1
107381,0
107419,1
107433,1
107445,0
107471,1
107537,1
107563,1
107564,0
107567,0
107604,1
107636,0
107637,1
107642,1
107654,0
107658,0
107690,1
107701,0
107703,0
107717,1
107719,1
107727,0
107738,1
107763,1
107791,0
107802,1
107819,1
107874,0
107881,0
107883,1
107937,0
107957,0
107976,0
108070,0
108083,0
108138,0
108173,1
108198,1
108227,0
108234,0
108235,1
108245,0
108257,1
108275,0
108289,1
108391,0
108408,0
108477,0
108482,1
108489,0
108509,1
108526,0
108539,0
108575,0
108581,0
108587,1
108588,0
108633,0
108649,0
108654,1
108676,1
108685,0
108688,1
108739,0
108807,0
108809,0
108825,0
108888,1
108899,0
109017,1
109037,1
109039,1
109050,0
109054,1
109075,1
109076,0
109102,1
109106,0
109161,0
109183,1
109204,0
109210,1
109211,1
109215,1
109223,1
109226,1
109244,1
109251,0
109255,0
109310,0
109315,0
109362,1
109366,0
109402,1
109522,1
109528,1
109535,0
109570,1
109581,1
109709,0
109721,0
109743,0
109745,0
109775,1
109776,1
109796,0
109800,0
109847,1
109880,0
109900,0
109942,1
109979,1
110026,0
110042,0
110089,1
110099,0
110126,1
110173,1
110183,0
110197,1
110278,1
110291,0
110312,1
110322,0
110331,0
110378,1
110384,0
110425,1
110457,0
110477,1
110480,1
110499,0
110552,0
110559,0
110565,0
110571,1
110612,1
110644,0
110672,1
110764,1
110781,1
110795,0
110811,1
110933,1
110936,1
110966,0
111058,0
111094,0
111172,0
111181,1
111202,0
111219,1
111220,1
111221,0
111223,1
111225,0
111287,0
111325,0
111330,1
111344,1
111347,1
111352,1
111401,0
111474,1
111496,1
111509,0
111528,0
111534,1
111536,0
111618,0
111623,1
111641,0
111675,0
111682,1
111706,0
111724,1
111751,1
111755,1
111799,1
111834,1
111909,1
111915,1
111940,0
112010,1
112011,1
112077,0
112114,0
112136,1
112143,1
112170,0
112177,1
112229,1
112244,1
112313,1
112327,0
112329,1
112340,1
112344,0
112357,0
112404,0
112436,0
112475,0
112482,0
112506,0
112514,1
112519,0
112527,0
112536,0
112560,1
112567,0
112571,1
112578,0
112582,0
112604,1
112627,1
112657,0
112666,0
112677,0
112696,0
112709,1
112727,1
112763,0
112769,0
112774,0
112777,0
112779,1
112798,1
112832,0
112863,0
112894,0
112897,0
112913,1
112946,1
112957,0
112959,0
112969,1
113012,0
113016,0
113020,1
113057,0
113066,0
113079,1
113099,1
113122,0
113185,0
113200,0
113204,0
113274,0
113275,0
113283,1
113285,0
113340,0
113375,1
113406,0
113493,0
113502,1
113523,0
113532,0
113542,0
113552,1
113603,1
113669,0
113698,1
113703,0
113717,1
113750,0
113777,0
113784,1
113796,1
113840,1
113861,1
113886,1
113893,0
113940,1
113952,1
113966,1
113986,1
114024,0
114089,0
114170,1
114171,1
114176,0
114180,0
114191,0
114223,0
114228,0
114271,0
114284,1
114297,1
114300,1
114312,0
114326,1
114353,1
114373,1
114425,0
114445,0
114484,0
114492,1
114513,0
114517,1
114518,1
114554,1
114614,0
114656,0
114658,1
114660,1
114677,1
114682,1
114694,0
114697,0
114719,1
114741,0
114747,1
114779,0
114811,1
114855,1
114899,1
114958,1
114977,0
114986,0
115027,1
115079,0
115080,1
115091,0
115108,1
115158,0
115187,1
115188,1
115194,1
115197,1
115199,1
115223,0
115231,0
115244,1
115272,1
115290,0
115363,1
115367,1
115388,1
115450,1
115452,1
115464,0
115539,1
115600,0
115628,1
115648,0
115652,1
115682,0
115683,0
115734,0
115743,1
115755,0
115757,0
115792,0
115820,0
115844,0
115878,0
115907,1
115927,0
115935,0
115988,1
116024,0
116080,1
116091,0
116127,1
116186,0
116223,0
116229,1
116247,0
116249,0
116261,1
116272,0
116280,0
116291,0
116294,0
116295,0
116314,1
116320,1
116327,1
116357,1
116369,1
116378,1
116432,1
116444,0
116446,1
116451,1
116481,0
116492,1
116496,1
116498,0
116521,0
116530,1
116543,1
116544,0
116552,0
116594,0
116598,0
116617,0
116637,0
116648,0
116673,0
116731,0
116734,1
116736,1
116738,0
116756,1
116770,0
116802,0
116822,0
116832,1
116836,0
116844,0
116854,1
116864,1
116911,1
116934,1
116955,0
117006,1
117037,0
117049,0
117057,1
117093,1
117107,0
117163,1
117180,1
117183,0
117209,1
117225,1
117237,0
117250,0
117256,1
117259,1
117272,0
117325,1
117333,0
117335,1
117338,1
117340,0
117382,0
117395,1
117425,1
117442,1
117449,1
117462,0
117466,0
117474,1
117476,1
117494,0
117536,0
117581,1
117592,1
117641,0
117648,0
117669,0
117697,0
117709,0
117711,1
117729,1
117746,1
117756,1
117759,1
117768,0
117793,0
117806,0
117815,0
117828,1
117837,1
117842,0
117854,0
117950,1
117972,1
117976,0
117981,1
118004,1
118037,1
118040,1
118049,1
118102,0
118106,0
118124,1
118131,1
118166,0
118174,1
118186,0
118231,0
118233,0
118289,0
118305,1
118314,0
118361,0
118365,1
118416,0
118501,0
118514,1
118525,0
118528,1
118559,1
118614,1
118623,1
118635,0
118660,0
118679,0
118694,0
118712,0
118744,1
118748,1
118788,1
118799,1
118814,0
118866,1
118885,1
118896,0
118908,0
118933,0
118962,0
118969,1
119053,0
119055,1
119080,0
119094,1
119112,1
119127,0
119154,0
119181,1
119183,1
119210,0
119223,1
119224,1
119229,1
119238,1
119255,0
119258,0
119270,1
119299,1
119300,0
119310,0
119326,1
119337,1
119341,1
119349,0
119364,0
119371,1
119384,0
119407,1
119439,0
119445,1
119451,1
119464,1
119481,0
119548,1
119572,1
119583,1
119599,0
119636,0
119680,1
119698,0
119705,0
119720,1
119721,1
119729,1
119804,0
119808,1
119814,0
119825,1
119868,1
119906,0
119907,0
119923,1
119958,1
119968,1
119970,1
120000,0
120001,1
120035,1
120039,0
120067,0
120107,1
120139,0
120141,0
120168,0
120180,1
120194,1
120197,1
120240,0
120293,1
120338,0
120421,1
120458,1
120461,1
120490,0
120492,0
120516,1
120526,1
120554,1
120619,0
120629,0
120643,1
120652,1
120687,1
120732,1
120750,1
120772,0
120808,1
120813,0
120816,0
120844,1
120850,1
120921,1
120950,1
120979,1
120996,0
121012,0
121131,1
121160,0
121164,0
121205,1
121221,0
121290,0
121329,0
121351,0
121363,1
121365,1
121391,1
121396,1
121429,1
121437,0
121439,1
121444,0
121456,0
121465,1
121501,1
121505,1
121528,1
121581,1
121618,0
121639,0
121661,0
121663,1
121731,0
121800,1
121814,0
121816,1
121824,0
121847,1
121870,1
121878,0
121886,0
121908,1
121960,0
121961,0
121984,0
121987,0
122029,1
122039,0
122060,1
122061,0
122091,1
122113,0
122117,0
122148,1
122163,0
122174,0
122186,1
122208,1
122242,1
122252,1
122297,1
122320,1
122328,0
122353,0
122370,0
122377,0
122394,0
122461,0
122502,0
122507,1
122524,0
122546,1
122619,0
122684,1
122715,0
122753,0
122769,0
122816,1
122880,0
123023,0
123105,1
123158,0
123194,0
123215,0
123219,0
123251,0
123262,1
123271,0
123283,0
123301,0
123309,0
123326,1
123340,1
123389,1
123396,0
123407,1
123542,1
123627,0
123668,0
123693,1
123708,0
123737,1
123761,1
123777,1
123785,1
123856,0
123888,0
123903,0
123907,0
123925,1
123931,1
123970,1
123972,1
124040,1
124052,1
124053,0
124099,1
124104,1
124112,0
124140,0
124157,1
124166,0
124213,1
124223,0
124231,0
124255,0
124280,0
124306,0
124323,0
124346,0
124361,0
124368,0
124396,1
124406,1
124442,1
124446,0
124448,1
124469,0
124480,0
124501,0
124560,0
124562,1
124581,0
124601,0
124653,1
124689,0
124715,1
124728,0
124729,0
124730,0
124763,0
124795,0
124803,1
124809,0
124854,1
124877,1
124886,1
124903,1
124905,1
124924,1
124934,0
124947,1
124952,0
124982,0
125015,0
125018,1
125021,0
125033,0
125040,1
125048,1
125083,1
125084,0
125104,1
125136,1
125157,1
125187,0
125189,0
125199,1
125202,1
125254,0
125260,0
125289,1
125291,0
125300,0
125307,1
125317,1
125323,0
125332,0
125361,1
125404,1
125445,0
125486,1
125487,1
125494,0
125495,1
125502,1
125503,1
125517,0
125518,1
125534,1
125555,1
125564,1
125566,1
125570,1
125597,1
125601,1
125613,0
125623,1
125657,1
125693,1
125723,1
125756,1
125764,1
125765,0
125778,0
125779,0
125852,1
125861,0
125867,1
125872,1
125889,0
125896,1
125927,0
125977,0
125987,0
126009,0
126038,0
126056,0
126076,0
126085,1
126099,1
126111,0
126137,0
126140,1
126146,0
126154,0
126157,1
126176,0
126208,1
126218,1
126292,1
126328,1
126335,0
126343,0
126350,0
126409,1
126434,1
126455,1
126517,1
126527,0
126545,0
126554,0
126598,0
126648,1
126662,1
126672,0
126684,1
126687,0
126690,1
126709,1
126735,1
126777,1
126792,1
126806,0
126842,1
126849,1
126858,0
126863,0
126885,0
126893,1
126894,1
126913,0
126926,0
126930,1
126953,1
126963,1
126991,1
126995,1
127016,0
127156,0
127194,0
127210,1
127246,1
127259,1
127295,1
127310,1
127324,0
127338,0
127341,1
127389,1
127447,0
127512,0
127531,1
127551,0
127552,1
127565,1
127569,0
127604,1
127615,1
127640,1
127644,0
127679,0
127681,1
127690,0
127691,1
127699,1
127703,0
127732,1
127739,0
127749,1
127763,1
127797,1
127843,1
127881,0
127882,1
127891,0
127899,0
127914,0
127916,0
127943,1
127953,1
128042,0
128053,0
128055,0
128080,0
128099,0
128130,1
128164,0
128177,0
128201,1
128240,1
128275,0
128278,0
128281,0
128333,1
128343,1
128361,0
128433,1
128484,0
128499,1
128534,1
128576,0
128587,0
128591,1
128604,0
128606,1
128615,1
128679,0
128682,1
128745,1
128777,1
128801,0
128857,1
128858,0
128876,0
128888,1
128997,0
129011,0
129070,0
129088,1
129092,0
129095,0
129106,1
129137,0
129162,0
129175,0
129208,1
129229,0
129230,0
129248,0
129253,1
129353,1
129368,1
129470,0
129546,1
129549,0
129565,0
129591,1
129601,0
129625,0
129628,0
129659,0
129668,1
129687,0
129693,0
129713,0
129733,0
129753,0
129756,0
129763,1
129767,0
129771,0
129859,0
129880,0
129899,1
129901,1
129937,1
129942,0
129979,1
129998,0
130002,0
130025,1
130049,0
130060,0
130087,0
130118,1
130124,0
130127,0
130188,0
130197,1
130221,0
130239,1
130243,1
130245,0
130257,1
130272,1
130291,1
130293,0
130325,1
130348,0
130392,1
130395,1
130446,0
130455,1
130473,1
130485,0
130491,1
130497,1
130514,1
130547,0
130561,1
130597,0
130629,0
130648,1
130656,1
130711,1
130713,1
130732,1
130733,0
130735,1
130750,1
130765,0
130783,1
130794,0
130800,1
130833,0
130834,0
130859,0
130863,1
130877,1
130885,1
130901,0
130905,0
130970,0
130994,0
131016,0
131018,0
131074,1
131078,0
131089,0
131099,1
131160,1
131191,1
131196,1
131200,1
131210,1
131235,0
131268,1
131281,1
131339,0
131366,0
131378,1
131407,0
131519,0
131534,1
131555,0
131559,0
131597,1
131636,1
131655,1
131676,1
131680,0
131703,0
131715,1
131798,0
131811,0
131822,0
131838,1
131901,1
131913,0
131937,0
131975,0
131988,0
131990,1
131997,0
131998,0
132021,1
132028,0
132031,0
132053,0
132061,0
132065,1
132078,0
132129,1
132152,0
132157,1
132187,0
132229,1
132313,0
132370,0
132409,0
132425,0
132462,0
132497,1
132525,1
132530,1
132531,1
132566,0
132568,0
132574,1
132579,0
132616,1
132619,0
132621,0
132622,1
132625,0
132652,0
132668,0
132690,1
132716,0
132723,1
132736,1
132739,1
132759,1
132767,1
132772,0
132778,0
132785,0
132875,0
132923,0
132930,1
132955,0
132956,0
132959,1
132960,0
132976,1
132984,1
133009,0
133017,0
133059,0
133106,1
133121,1
133124,1
133143,0
133204,1
133247,1
133288,0
133307,0
133310,1
133331,0
133344,1
133360,1
133407,1
133437,0
133499,0
133563,1
133611,1
133614,1
133636,1
133667,0
133673,0
133711,0
133728,0
133745,0
133765,1
133777,0
133786,1
133793,1
133815,1
133819,1
133827,1
133832,1
133851,1
133856,1
133857,0
133875,0
133884,1
133887,1
133916,1
133919,1
133923,0
133955,0
133972,0
133973,1
133990,1
134014,1
134041,0
134100,0
134117,0
134177,1
134188,0
134280,1
134287,1
134320,1
134325,0
134346,1
134361,1
134369,0
134386,1
134391,1
134406,1
134423,1
134427,0
134435,1
134457,1
134495,1
134498,0
134521,0
134576,1
134590,1
134594,1
134613,0
134648,0
134665,1
134689,1
134729,0
134757,1
134771,0
134775,0
134804,0
134817,1
134842,0
134864,0
134888,1
134894,1
134996,0
135016,0
135038,0
135048,0
135076,0
135081,0
135137,1
135150,0
135182,0
135194,1
135205,1
135207,0
135210,0
135263,1
135272,1
135306,0
135403,1
135433,1
135476,0
135569,1
135578,0
135605,0
135622,0
135660,0
135689,1
135708,0
135713,0
135720,1
135733,1
135824,0
135840,0
135967,1
136003,0
136011,1
136030,1
136034,1
136035,1
136039,1
136055,1
136061,1
136135,1
136206,0
136212,0
136256,1
136257,0
136269,0
136270,0
136272,1
136289,0
136362,1
136405,0
136468,1
136512,1
136525,1
136552,0
136583,1
136614,0
136616,0
136631,1
136658,1
136681,1
136711,0
136739,0
136800,0
136801,1
136830,1
136837,1
136857,0
136924,1
136936,0
136940,1
137013,0
137021,1
137032,1
137038,0
137049,1
137057,1
137058,0
137072,0
137109,0
137183,0
137190,1
137226,1
137283,1
137294,1
137301,0
137334,0
137342,1
137348,0
137391,1
137408,1
137416,1
137437,1
137486,1
137490,1
137492,1
137500,0
137510,1
137613,1
137615,0
137664,0
137693,0
137777,0
137852,1
137892,0
137896,0
137902,0
137930,1
137933,1
137934,1
137954,0
137973,1
137995,1
138009,0
138047,0
138065,0
138073,0
138128,0
138190,0
138210,0
138211,0
138265,1
138352,1
138402,0
138409,0
138424,1
138450,0
138515,0
138524,0
138539,0
138601,1
138665,0
138666,1
138668,0
138697,1
138707,1
138749,0
138754,1
138776,1
138781,1
138789,1
138799,1
138819,0
138824,0
138831,1
138899,1
138908,1
138945,0
138982,0
139031,0
139045,1
139050,1
139056,0
139101,0
139106,1
139168,0
139173,0
139237,0
139258,1
139275,0
139276,0
139298,1
139368,0
139429,1
139511,1
139539,1
139560,1
139563,0
139574,0
139618,0
139637,1
139661,0
139760,1
139771,0
139902,1
139930,1
139931,1
139939,0
139998,1
140019,1
140036,0
140063,1
140070,1
140117,0
140140,1
140146,0
140147,1
140156,0
140159,1
140166,0
140168,1
140192,1
140230,1
140241,0
140244,1
140260,0
140313,0
140347,0
140360,1
140420,1
140452,1
140495,0
140528,1
140531,0
140552,0
140559,1
140616,0
140623,0
140633,0
140651,1
140652,0
140668,1
140676,0
140683,0
140701,1
140724,0
140750,0
140772,1
140792,1
140873,0
140880,0
140908,0
140937,0
140940,0
140944,0
141017,1
141020,0
141055,1
141083,1
141094,0
141118,1
141124,0
141149,1
141175,0
141179,0
141182,1
141196,1
141225,0
141283,1
141323,0
141327,0
141365,1
141371,1
141420,0
141436,0
141454,0
141500,0
141520,0
141548,0
141555,0
141575,1
141578,0
141601,0
141616,0
141631,0
141663,1
141703,0
141745,1
141794,1
141799,1
141823,1
141835,1
141838,1
141856,1
141863,1
141867,1
141880,0
141906,0
141955,1
141983,1
142000,1
142012,0
142028,0
142061,1
142107,1
142139,0
142168,1
142238,0
142240,0
142243,1
142283,0
142298,0
142321,0
142344,0
142345,1
142347,0
142371,1
142373,0
142408,1
142411,0
142460,0
142463,0
142468,1
142497,1
142520,0
142521,1
142548,0
142577,0
142589,0
142591,0
142593,1
142596,0
142615,1
142660,0
142669,0
142687,1
142707,1
142710,1
142786,0
142827,0
142830,0
142839,1
142865,0
142882,1
142886,0
142919,1
142942,0
142946,0
142970,1
142982,0
142989,0
143067,1
143202,0
143203,1
143205,1
143284,0
143314,0
143316,1
143334,1
143347,0
143372,0
143419,0
143425,1
143438,1
143444,1
143455,0
143501,1
143523,0
143563,0
143570,0
143611,0
143629,1
143632,0
143637,1
143639,1
143643,0
143673,1
143690,1
143708,0
143736,1
143752,0
143773,0
143806,0
143813,1
143820,0
143853,1
143858,1
143871,1
143893,1
143900,0
143904,0
143955,1
144005,1
144081,0
144139,1
144202,0
144213,0
144215,1
144299,1
144320,0
144340,0
144347,1
144350,0
144371,1
144397,0
144400,0
144412,1
144428,0
144482,1
144494,0
144497,1
144516,1
144537,1
144543,1
144559,0
144563,0
144619,0
144658,0
144663,0
144667,0
144692,0
144697,0
144703,0
144717,0
144750,0
144762,0
144794,0
144808,0
144815,0
144854,1
144893,0
144919,0
144940,1
144947,0
144993,0
145010,0
145015,1
145057,0
145098,0
145164,0
145181,1
145206,1
145217,0
145257,0
145272,0
145295,1
145352,0
145456,1
145460,1
145481,0
145525,0
145528,1
145547,0
145562,0
145581,0
145583,0
145607,0
145628,1
145640,1
145679,1
145709,1
145752,0
145756,1
145774,0
145779,0
145785,1
145807,1
145823,1
145833,1
145848,1
145885,0
145890,1
145898,0
145918,0
145954,0
145958,1
145965,0
145977,0
145987,1
146023,0
146037,1
146046,0
146054,1
146063,1
146081,1
146087,0
146140,0
146205,1
146212,1
146214,0
146216,1
146219,1
146244,0
146310,0
146312,0
146439,0
146467,0
146469,1
146480,1
146521,1
146524,1
146551,1
146555,1
146583,1
146629,1
146636,1
146665,0
146683,1
146692,1
146744,0
146798,1
146805,1
146854,0
146858,0
146880,0
146881,0
146882,0
146884,0
146901,1
146918,1
146930,1
146932,1
146942,1
147026,1
147059,0
147091,1
147112,0
147134,0
147136,1
147159,0
147167,0
147171,0
147173,1
147189,1
147197,0
147218,1
147242,1
147249,0
147282,1
147305,0
147324,1
147347,1
147351,0
147356,0
147393,0
147424,1
147440,0
147441,1
147450,1
147501,1
147550,1
147557,0
147570,0
147593,0
147607,0
147611,1
147616,0
147691,0
147696,1
147729,0
147741,0
147754,0
147759,1
147776,0
147822,0
147845,0
147851,1
147879,1
147935,0
147938,0
147940,1
147965,0
147986,0
148066,1
148067,0
148072,0
148121,0
148151,0
148180,1
148200,0
148242,0
148271,1
148313,0
148387,1
148404,0
148458,0
148482,0
148554,1
148571,0
148573,1
148590,0
148602,0
148632,0
148640,1
148659,0
148685,1
148688,0
148701,1
148715,0
148716,0
148754,1
148756,0
148786,1
148800,0
148801,0
148807,1
148857,1
148879,0
148883,1
148928,0
148932,1
148935,0
148955,0
148979,0
149002,1
149025,1
149026,1
149028,1
149034,1
149050,0
149116,1
149117,1
149119,1
149256,1
149307,1
149324,1
149352,1
149357,1
149360,1
149363,1
149366,1
149394,0
149433,0
149486,1
149530,1
149590,0
149623,1
149639,1
149755,0
149775,0
149777,0
149805,1
149860,1
149884,0
149887,1
149907,1
149918,1
149963,1
149985,1
150004,0
150005,0
150013,0
150024,0
150033,0
150070,0
150101,0
150128,0
150147,0
150162,1
150164,0
150165,1
150171,1
150176,0
150184,0
150202,0
150254,0
150313,1
150364,0
150391,1
150427,0
150439,0
150464,1
150501,0
150601,1
150616,1
150618,1
150629,1
150649,1
150687,1
150692,1
150765,1
150774,0
150783,1
150810,1
150812,0
150825,1
150883,1
150906,1
150910,1
150934,1
150937,0
150991,1
150996,0
151000,1
151008,0
151018,1
151027,0
151040,0
151048,0
151070,1
151071,0
151098,0
151101,0
151116,1
151192,0
151208,0
151303,1
151310,0
151315,1
151327,1
151341,1
151352,0
151389,1
151391,0
151398,1
151414,0
151419,1
151433,0
151452,0
151461,1
151499,0
151502,0
151507,0
151524,1
151537,1
151624,1
151647,0
151659,1
151675,1
151695,1
151700,1
151721,1
151729,0
151795,1
151834,1
151840,0
151855,1
151878,0
151885,0
151898,1
151955,1
151975,0
151978,0
152010,1
152031,0
152053,0
152072,0
152092,0
152114,0
152148,0
152153,0
152194,0
152209,0
152222,1
152257,1
152262,0
152353,0
152370,1
152374,1
152383,0
152385,1
152462,0
152469,0
152614,0
152619,0
152639,1
152661,0
152696,0
152820,1
152843,0
152858,0
152899,0
152901,0
152930,1
152963,0
153044,0
153058,1
153076,0
153087,0
153090,0
153150,1
153237,1
153298,1
153342,0
153383,1
153393,1
153395,0
153398,1
153420,0
153427,0
153428,0
153437,0
153481,0
153502,1
153505,0
153549,0
153578,0
153632,1
153668,1
153826,1
153841,1
153880,0
153883,0
153887,0
153889,1
153891,0
153968,0
154069,0
154099,1
154126,1
154150,0
154188,1
154205,1
154218,0
154223,1
154254,0
154338,1
154364,1
154367,1
154368,0
154376,1
154386,0
154388,0
154409,1
154423,1
154470,0
154485,1
154499,0
154548,0
154615,0
154636,1
154647,1
154664,1
154672,1
154677,1
154699,0
154739,0
154776,1
154826,0
154914,0
154949,0
155106,0
155145,1
155179,1
155209,1
155216,0
155257,1
155270,1
155301,0
155314,0
155351,0
155389,1
155396,0
155405,0
155427,1
155499,0
155531,0
155542,1
155548,0
155549,0
155571,1
155596,0
155607,1
155613,0
155647,1
155650,0
155712,0
155717,0
155734,1
155767,0
155772,0
155794,1
155796,1
155879,0
155884,0
155891,1
155894,0
155915,1
155976,1
156001,0
156011,1
156013,0
156016,0
156079,0
156115,0
156123,0
156128,0
156138,1
156143,1
156171,0
156180,1
156201,0
156229,0
156275,1
156294,0
156320,1
156378,0
156461,0
156550,1
156558,0
156582,0
156584,1
156641,0
156664,1
156671,1
156722,1
156748,0
156767,1
156777,0
156779,1
156858,0
156866,1
156870,0
156882,0
156893,1
156903,0
156908,0
156932,1
156967,1
156979,1
156989,0
157033,1
157061,0
157072,1
157075,1
157076,1
157130,1
157136,0
157250,1
157280,0
157315,1
157317,0
157324,1
157330,0
157346,1
157355,0
157360,0
157367,0
157380,0
157422,0
157434,0
157496,1
157518,1
157540,0
157584,1
157589,1
157608,1
157609,1
157636,0
157668,1
157720,1
157737,0
157738,1
157766,0
157771,0
157777,0
157810,0
157846,1
157888,0
157904,1
157932,1
157954,1
158005,0
158027,1
158044,0
158059,1
158065,0
158082,0
158100,0
158166,0
158177,1
158187,1
158199,0
158248,1
158258,0
158260,1
158303,1
158328,0
158329,1
158371,0
158387,0
158431,1
158439,0
158460,0
158522,0
158536,0
158632,1
158644,1
158693,1
158695,1
158804,1
158846,0
158867,1
158878,1
158897,1
158939,0
158951,0
158953,1
158957,1
159074,1
159075,1
159094,0
159115,0
159169,1
159193,1
159198,1
159221,0
159235,1
159245,1
159255,0
159256,0
159258,1
159380,1
159391,1
159434,1
159449,0
159475,0
159478,1
159496,0
159508,1
159530,1
159535,1
159554,0
159563,0
159630,0
159673,0
159708,0
159719,1
159764,0
159782,1
159898,1
159954,0
159956,0
159981,1
159994,1
160002,1
160025,1
160035,0
160050,0
160061,1
160069,1
160091,1
160096,1
160116,1
160136,1
160171,0
160211,1
160232,0
160246,0
160259,1
160263,0
160273,1
160289,0
160295,1
160304,1
160333,1
160339,0
160357,1
160416,1
160485,0
160532,1
160549,0
160577,0
160581,0
160583,0
160631,1
160634,0
160645,1
160676,0
160742,0
160762,1
160801,1
160884,0
160945,1
161012,1
161018,1
161071,0
161074,0
161142,0
161145,1
161146,1
161180,0
161184,0
161227,0
161246,0
161268,0
161290,0
161297,1
161302,1
161304,0
161320,1
161342,1
161386,1
161393,0
161417,1
161431,1
161443,1
161452,1
161475,1
161487,0
161503,0
161510,0
161525,1
161528,1
161534,1
161568,0
161579,0
161633,0
161646,1
161670,0
161683,1
161693,1
161695,1
161734,0
161740,1
161755,0
161793,0
161813,0
161838,0
161866,0
161935,1
161962,0
161969,1
161970,0
161974,0
161985,0
161994,1
162008,0
162023,0
162037,1
162093,1
162094,1
162124,0
162135,0
162146,0
162152,1
162158,0
162192,1
162252,1
162317,0
162332,0
162349,0
162355,1
162393,1
162394,1
162480,1
162491,0
162513,1
162517,0
162518,1
162781,0
162826,1
162856,1
162896,0
162906,0
162928,0
162950,0
162976,1
163020,1
163047,1
163052,1
163075,0
163108,1
163110,1
163140,1
163150,1
163152,1
163154,1
163184,0
163194,0
163226,1
163258,0
163291,0
163295,0
163301,0
163322,1
163324,0
163336,1
163359,0
163405,1
163471,1
163495,0
163520,0
163536,1
163558,1
163580,0
163602,1
163613,1
163621,1
163643,1
163661,0
163666,1
163694,1
163713,0
163722,1
163748,0
163762,0
163772,0
163794,0
163843,0
163979,1
163983,0
163992,1
164009,0
164038,0
164048,0
164057,0
164097,1
164133,0
164136,1
164154,0
164178,0
164197,1
164211,1
164235,1
164270,0
164273,0
164277,1
164283,1
164292,1
164312,0
164322,0
164336,1
164346,1
164412,1
164452,1
164460,1
164491,0
164501,1
164513,1
164555,0
164593,0
164612,1
164679,1
164716,0
164736,1
164751,1
164790,1
164817,0
164876,0
164929,1
164956,0
165035,1
165038,1
165083,1
165116,0
165128,1
165130,0
165162,0
165182,1
165201,0
165206,0
165213,1
165225,0
165235,1
165245,0
165279,0
165290,1
165294,1
165323,0
165347,0
165371,0
165383,0
165434,0
165458,1
165463,1
165479,1
165483,0
165499,1
165504,1
165518,1
165521,1
165556,0
165560,1
165578,0
165580,0
165590,0
165615,0
165629,0
165634,0
165763,0
165772,1
165869,1
165944,1
165961,0
166023,0
166036,0
166107,0
166130,0
166177,0
166187,0
166192,0
166216,0
166217,0
166251,1
166275,1
166301,0
166304,0
166389,1
166391,0
166468,1
166480,1
166539,1
166570,0
166573,1
166574,1
166580,1
166582,0
166595,1
166605,0
166649,1
166650,0
166682,0
166738,1
166772,1
166773,0
166791,0
166807,1
166819,1
166849,0
166859,1
166861,1
166935,0
166952,1
166982,1
167027,0
167060,0
167074,1
167112,1
167125,0
167181,1
167214,0
167225,1
167247,0
167280,0
167293,0
167311,0
167356,0
167372,0
167383,0
167406,1
167454,1
167507,1
167511,0
167530,1
167540,1
167564,0
167586,0
167607,0
167619,1
167624,1
167651,1
167691,1
167727,0
167824,0
167834,1
167885,0
167898,1
167991,1
168002,1
168016,1
168017,0
168032,1
168066,1
168120,1
168191,1
168226,1
168284,1
168309,0
168311,1
168318,0
168323,0
168346,1
168372,1
168383,1
168411,0
168412,1
168438,1
168492,1
168496,0
168511,1
168518,0
168519,1
168559,1
168592,1
168622,0
168648,0
168696,1
168750,1
168764,0
168818,0
168852,0
168866,1
168881,0
168918,1
168940,1
168966,0
168988,1
169022,0
169039,0
169098,0
169111,0
169134,0
169166,0
169219,0
169223,1
169227,1
169236,1
169253,1
169283,1
169342,1
169352,1
169368,1
169373,1
169378,1
169386,1
169434,1
169455,0
169477,0
169500,0
169532,1
169538,1
169547,1
169561,1
169577,0
169586,0
169613,0
169639,0
169643,1
169668,1
169706,1
169727,0
169729,0
169771,1
169803,1
169814,1
169824,1
169845,0
169947,1
169955,0
169978,0
170028,1
170038,1
170041,0
170042,1
170096,1
170120,0
170133,0
170171,1
170202,1
170210,0
170229,1
170237,0
170251,1
170276,1
170287,1
170298,1
170363,0
170410,0
170411,0
170430,1
170459,0
170473,0
170479,0
170497,1
170515,1
170520,0
170563,1
170564,1
170571,0
170599,0
170614,0
170631,1
170638,1
170667,1
170669,1
170676,0
170677,0
170708,0
170738,0
170740,0
170746,0
170881,0
170901,0
170944,1
170977,0
170993,0
171003,1
171035,1
171036,0
171054,0
171089,1
171140,1
171152,0
171155,1
171166,1
171197,0
171206,0
171217,0
171240,1
171274,0
171295,1
171301,0
171307,0
171322,0
171342,1
171381,0
171409,1
171421,1
171457,1
171498,1
171517,1
171525,0
171531,1
171554,1
171621,1
171657,1
171673,0
171678,1
171691,0
171706,1
171713,0
171715,1
171726,1
171767,0
171786,0
171832,0
171848,0
171924,1
171929,0
171938,1
172010,0
172011,1
172028,0
172029,0
172039,0
172042,0
172099,1
172116,0
172131,1
172253,0
172258,0
172280,1
172281,0
172295,0
172298,0
172338,0
172368,0
172409,1
172433,0
172455,1
172526,0
172558,0
172576,0
172607,0
172621,1
172629,1
172635,0
172643,0
172644,1
172650,1
172659,1
172758,0
172761,0
172764,0
172774,1
172779,0
172861,1
172893,1
172901,1
172975,1
173045,1
173111,0
173164,0
173169,1
173189,0
173230,1
173259,0
173294,0
173344,0
173358,0
173361,0
173367,1
173387,0
173404,1
173458,1
173460,0
173486,0
173509,0
173574,0
173588,1
173617,0
173633,1
173666,0
173741,1
173773,1
173819,0
173822,1
173830,1
173842,0
173849,1
173850,0
173871,1
173876,1
173912,0
173954,1
173970,1
173976,0
173983,1
174002,1
174046,1
174049,1
174075,0
174103,0
174142,0
174154,1
174157,0
174217,0
174228,0
174231,1
174248,0
174263,0
174267,1
174305,0
174358,0
174363,1
174373,1
174377,1
174400,1
174418,0
174455,0
174517,1
174531,1
174564,1
174609,1
174622,1
174646,1
174662,1
174729,0
174783,0
174816,1
174833,0
174904,1
174914,1
174958,1
174982,0
175016,1
175023,0
175070,0
175095,0
175109,0
175156,0
175163,1
175193,1
175200,0
175219,0
175243,0
175257,1
175266,0
175277,1
175300,0
175331,1
175400,0
175402,0
175403,0
175413,0
175466,1
175473,0
175478,0
175496,1
175533,0
175539,0
175576,0
175590,0
175591,0
175671,1
175696,1
175718,1
175719,0
175735,0
175744,1
175782,1
175783,0
175791,0
175796,1
175924,1
175941,0
175944,0
175968,1
175972,0
176009,1
176044,0
176059,1
176075,1
176080,1
176113,1
176122,0
176139,0
176148,0
176150,1
176184,0
176187,0
176188,0
176195,0
176197,0
176254,1
176312,1
176327,0
176371,1
176421,1
176429,1
176466,0
176478,1
176505,0
176528,0
176564,1
176605,0
176649,1
176669,0
176699,1
176707,1
176738,0
176744,1
176755,1
176763,0
176770,0
176817,0
176829,1
176854,1
176857,1
176871,1
176904,0
176931,1
176941,1
176950,1
176978,0
176993,0
176998,0
177031,1
177037,1
177060,0
177118,0
177119,0
177121,0
177165,0
177171,0
177183,0
177187,1
177216,1
177226,1
177230,1
177239,1
177246,0
177267,1
177269,0
177292,1
177316,1
177339,0
177406,1
177469,0
177473,1
177493,0
177494,1
177495,0
177527,0
177552,0
177555,1
177566,0
177569,1
177607,1
177612,1
177644,1
177647,1
177682,0
177720,1
177739,1
177784,0
177799,0
177826,1
177829,0
177868,1
177912,0
177916,1
177942,0
177946,0
177974,1
177978,0
178000,1
178022,1
178069,0
178079,1
178087,0
178088,0
178103,1
178170,0
178225,1
178254,1
178313,1
178320,0
178332,1
178338,0
178342,1
178401,1
178430,0
178445,1
178517,0
178518,1
178532,0
178536,0
178609,1
178614,1
178650,1
178707,0
178744,0
178759,0
178815,0
178823,0
178856,0
178879,0
178891,1
178909,0
178994,0
179055,1
179078,1
179112,0
179113,0
179141,1
179149,0
179164,1
179167,1
179209,0
179236,0
179258,1
179269,0
179289,0
179294,1
179302,1
179316,0
179349,0
179351,1
179360,1
179385,0
179415,0
179437,1
179460,1
179478,1
179503,1
179552,0
179577,1
179583,0
179615,1
179630,0
179632,0
179662,0
179666,0
179683,1
179709,1
179710,1
179716,0
179718,0
179739,1
179799,1
179814,0
179878,1
179879,1
179880,0
179883,0
179905,1
179933,0
179936,0
179945,0
179964,1
179971,0
179978,1
179985,1
180002,1
180027,1
180052,0
180069,1
180114,0
180134,1
180156,1
180163,0
180188,1
180219,0
180264,0
180323,0
180350,1
180371,1
180373,1
180406,0
180484,0
180500,1
180517,1
180553,1
180592,0
180602,1
180640,0
180649,1
180666,1
180688,1
180693,0
180695,0
180747,1
180764,1
180827,0
180834,1
180926,1
180937,0
181002,0
181027,0
181040,1
181056,0
181058,1
181076,1
181113,1
181125,1
181187,0
181198,1
181216,1
181224,0
181238,1
181259,0
181329,0
181330,0
181335,0
181341,1
181355,1
181356,0
181357,1
181363,1
181366,0
181375,0
181397,1
181435,1
181458,1
181460,0
181501,0
181507,1
181540,1
181562,1
181613,0
181617,1
181619,1
181625,0
181631,1
181645,1
181649,1
181726,0
181736,0
181737,0
181786,1
181795,0
181800,0
181801,0
181811,1
181812,0
181831,1
181874,1
181903,0
181904,0
181968,0
181974,1
181975,0
181984,0
181992,0
182001,0
182005,1
182066,1
182094,1
182129,1
182167,0
182183,1
182202,1
182226,1
182234,1
182236,0
182260,0
182318,0
182331,1
182334,1
182349,1
182355,0
182438,0
182601,1
182625,1
182628,0
182631,0
182682,0
182707,0
182712,0
182713,0
182731,1
182745,0
182750,1
182790,0
182796,1
182819,1
182848,1
182861,1
182887,0
182898,1
182908,1
182959,0
182962,1
182968,0
182974,1
183004,0
183079,1
183128,1
183133,1
183172,1
183187,1
183236,1
183270,0
183314,0
183335,0
183349,1
183368,1
183370,1
183442,1
183478,1
183570,1
183581,0
183596,1
183659,1
183686,1
183689,0
183709,1
183712,0
183733,0
183796,0
183823,1
183937,0
183956,1
184000,0
184023,0
184071,1
184131,1
184145,1
184156,0
184157,1
184167,1
184176,0
184186,1
184190,0
184192,0
184231,1
184243,0
184260,1
184296,1
184327,0
184368,1
184385,1
184405,1
184406,0
184444,0
184470,1
184498,1
184677,1
184679,1
184689,0
184702,1
184718,1
184720,0
184722,1
184757,1
184774,1
184788,0
184801,0
184813,0
184835,1
184840,0
184841,1
184867,1
184888,0
184893,1
184906,1
184945,1
184946,1
184965,1
184990,0
185013,1
185023,1
185035,1
185078,0
185085,0
185093,0
185106,0
185137,0
185158,0
185169,1
185187,1
185195,0
185198,1
185287,1
185289,1
185303,1
185322,0
185346,1
185371,0
185411,0
185413,1
185423,0
185435,1
185446,0
185474,1
185497,1
185535,0
185536,1
185574,0
185608,1
185644,0
185683,0
185690,0
185771,0
185787,1
185818,0
185856,0
185947,1
185954,1
185979,1
185987,1
185988,1
185994,0
186039,0
186041,0
186059,0
186072,0
186115,1
186118,1
186126,1
186136,1
186154,0
186159,1
186184,1
186205,0
186225,1
186232,0
186269,1
186278,0
186330,0
186331,1
186363,1
186365,1
186405,1
186418,1
186432,0
186446,0
186465,1
186479,1
186486,1
186496,1
186512,0
186592,1
186620,1
186648,1
186654,1
186678,1
186697,0
186724,0
186760,0
186779,1
186783,1
186811,1
186820,1
186848,1
186850,0
186885,1
186890,1
186911,0
186930,0
186963,1
186969,1
186993,1
187043,1
187055,1
187065,0
187067,0
187124,0
187141,1
187164,1
187166,1
187178,1
187201,0
187231,1
187246,1
187257,1
187293,0
187343,1
187355,0
187357,0
187449,1
187495,1
187511,0
187517,0
187525,0
187662,0
187679,1
187695,1
187810,1
187831,1
187835,1
187837,1
187908,0
187952,1
187964,0
187998,1
188042,1
188046,0
188065,0
188071,1
188134,1
188148,0
188161,1
188213,0
188224,0
188231,1
188242,1
188251,0
188270,0
188286,0
188295,0
188301,0
188339,0
188370,1
188375,1
188390,1
188414,0
188421,0
188430,0
188446,1
188457,0
188480,0
188502,0
188507,1
188535,1
188548,0
188573,1
188578,1
188590,0
188603,1
188629,0
188633,1
188644,1
188676,1
188684,1
188689,0
188793,1
188828,0
188853,1
188887,1
188892,0
188936,1
189113,0
189127,1
189191,0
189217,1
189221,1
189224,0
189235,1
189288,0
189293,0
189322,1
189371,1
189374,0
189377,0
189386,0
189390,0
189391,0
189407,0
189432,1
189446,1
189464,0
189515,0
189532,0
189552,0
189597,0
189598,1
189620,1
189624,0
189626,1
189633,1
189639,1
189657,1
189671,1
189705,0
189734,0
189807,1
189811,0
189824,1
189847,1
189852,0
189897,1
189941,1
189954,1
190010,0
190048,1
190073,1
190075,0
190112,1
190125,1
190162,1
190172,0
190177,0
190182,1
190187,0
190232,1
190243,1
190245,1
190257,0
190278,0
190306,1
190325,1
190338,1
190390,1
190414,0
190422,0
190451,0
190472,1
190481,1
190482,0
190490,0
190515,0
190574,1
190629,0
190630,1
190663,0
190679,0
190680,0
190684,1
190691,0
190704,0
190716,0
190725,0
190738,1
190749,1
190851,1
190859,0
190927,0
190942,1
190947,0
190966,1
190969,1
190976,1
191051,1
191056,0
191061,0
191063,1
191067,0
191096,1
191118,0
191124,1
191255,1
191260,0
191326,1
191364,1
191392,1
191473,0
191481,0
191491,0
191494,0
191500,0
191501,1
191528,1
191539,0
191557,0
191577,0
191598,0
191654,0
191678,0
191693,0
191726,1
191735,1
191817,1
191823,1
191849,1
191875,1
191896,1
191897,0
191943,0
191961,0
192034,1
192049,1
192085,1
192088,0
192112,0
192123,0
192149,0
192164,0
192178,1
192192,0
192207,1
192236,0
192260,1
192342,0
192343,0
192353,1
192357,1
192383,0
192393,0
192395,0
192396,0
192449,1
192476,0
192483,1
192513,1
192547,1
192584,0
192599,1
192600,0
192628,1
192656,0
192676,1
192678,0
192688,1
192689,0
192729,1
192747,0
192755,1
192818,1
192841,1
192859,0
192898,1
192910,1
192911,1
192926,0
192943,1
193015,0
193028,0
193068,0
193090,0
193093,1
193176,0
193184,0
193278,0
193294,0
193332,0
193376,0
193396,0
193444,0
193502,1
193509,1
193579,0
193628,1
193671,1
193735,0
193769,1
193771,1
193803,1
193834,1
193889,0
193913,0
193916,0
193932,1
193946,1
193964,1
193982,1
193993,0
194007,1
194021,1
194035,0
194057,0
194063,0
194080,1
194099,1
194100,1
194121,0
194148,1
194167,1
194175,1
194177,0
194190,1
194220,1
194245,0
194289,1
194291,1
194312,1
194330,0
194338,1
194343,0
194348,1
194353,1
194373,0
194411,0
194413,1
194416,1
194450,1
194555,0
194601,1
194607,0
194642,0
194678,1
194694,0
194695,1
194714,0
194746,1
194749,0
194750,0
194790,0
194794,0
194796,0
194802,0
194851,1
194923,0
194946,1
194949,0
194952,0
195015,0
195020,1
195064,0
195067,1
195083,1
195099,1
195109,0
195134,1
195136,0
195144,0
195146,1
195159,0
195163,1
195191,1
195200,0
195212,1
195244,0
195285,1
195300,0
195331,0
195364,1
195374,1
195408,0
195429,1
195569,0
195601,0
195623,1
195642,0
195650,0
195668,0
195674,1
195680,0
195695,1
195706,0
195765,0
195767,1
195780,0
195797,0
195799,0
195837,1
195877,1
195921,0
195947,0
195953,1
195964,1
196044,1
196048,0
196070,0
196103,0
196107,1
196123,1
196127,1
196167,1
196191,1
196198,1
196217,1
196224,0
196274,0
196304,0
196319,1
196327,1
196332,1
196398,0
196454,1
196466,0
196517,0
196567,0
196599,1
196601,0
196602,0
196664,1
196713,1
196717,0
196720,0
196724,1
196785,1
196786,0
196826,0
196848,1
196856,1
196913,1
196933,1
196945,0
196952,0
196961,1
196986,0
197012,1
197035,0
197037,0
197052,1
197057,1
197085,1
197109,0
197124,1
197158,1
197175,0
197180,0
197187,0
197202,0
197229,0
197233,1
197250,1
197264,1
197274,0
197289,1
197305,0
197314,0
197319,0
197365,0
197367,1
197371,0
197372,1
197373,1
197377,1
197386,0
197389,0
197407,1
197417,1
197419,0
197442,1
197504,0
197507,1
197556,1
197597,0
197626,0
197660,1
197678,0
197709,0
197712,1
197715,1
197734,0
197795,0
197802,1
197822,0
197841,0
197843,1
197884,1
197886,0
197899,0
197980,1
197989,1
198032,0
198033,0
198054,0
198155,0
198171,1
198173,0
198189,0
198217,1
198334,1
198352,1
198390,1
198449,1
198451,0
198487,1
198519,1
198571,0
198601,0
198651,1
198680,0
198771,0
198815,1
198824,1
198848,1
198866,1
198873,0
198965,1
198988,0
199002,0
199008,1
199022,0
199127,1
199136,0
199153,1
199161,0
199177,1
199189,1
199248,0
199249,1
199273,1
199327,0
199361,0
199366,0
199392,0
199395,0
199420,1
199507,0
199546,1
199560,1
199566,0
199617,1
199623,1
199641,1
199710,1
199716,1
199765,0
199819,1
199844,1
199878,0
199881,1
199901,1
199950,1
199952,0
199962,0
199981,0
199982,1
199991,1
200003,0
200021,0
200039,1
200057,1
200067,1
200073,1
200074,1
200080,1
200126,0
200194,0
200200,1
200229,0
200237,1
200253,0
200290,0
200306,1
200321,1
200359,1
200370,1
200373,1
200384,1
200423,1
200424,1
200426,0
200435,0
200441,1
200490,1
200516,0
200521,0
200562,1
200575,0
200586,1
200594,1
200599,1
200627,1
200661,0
200762,1
200796,1
200802,0
200810,1
200828,0
200839,1
200893,1
200901,0
200971,0
201058,1
201085,0
201175,1
201185,0
201188,1
201214,1
201215,1
201256,0
201271,0
201292,1
201302,1
201408,1
201441,1
201451,0
201496,1
201521,1
201564,1
201597,1
201612,0
201670,1
201707,1
201711,1
201721,1
201740,1
201746,1
201751,0
201771,0
201793,0
201833,1
201837,0
201859,1
201875,1
201900,0
201954,0
201967,1
201968,0
201978,0
202031,1
202038,1
202113,1
202122,0
202126,0
202136,0
202179,1
202183,1
202210,0
202217,0
202274,0
202357,0
202388,1
202389,0
202415,0
202425,1
202433,1
202457,0
202465,0
202541,1
202546,0
202553,0
202628,1
202642,1
202682,0
202687,0
202758,1
202798,0
202807,1
202906,1
202912,0
202955,1
203049,0
203073,0
203100,1
203154,0
203167,0
203221,1
203271,0
203321,1
203407,1
203434,0
203495,1
203498,0
203507,1
203512,1
203520,0
203525,0
203571,1
203583,0
203601,0
203639,0
203658,1
203664,1
203721,1
203749,0
203768,1
203915,1
203932,1
203936,0
203938,0
203957,0
203966,0
204010,1
204060,1
204069,0
204117,1
204141,1
204172,0
204196,1
204225,1
204273,0
204311,1
204315,1
204329,1
204393,0
204395,1
204399,0
204401,1
204403,0
204408,1
204456,0
204457,1
204476,0
204545,1
204651,1
204658,0
204662,0
204664,0
204665,1
204692,0
204725,1
204738,1
204811,1
204826,0
204837,1
204870,1
204903,1
204912,0
204916,1
204928,0
205028,0
205047,1
205059,0
205079,0
205127,1
205137,0
205198,0
205209,1
205213,1
205230,0
205231,0
205233,1
205244,1
205266,1
205269,1
205285,0
205341,1
205373,0
205501,0
205581,0
205598,0
205644,1
205652,0
205698,0
205819,0
205838,0
205860,1
205924,0
205994,0
206002,0
206016,0
206056,0
206070,1
206110,1
206137,0
206166,1
206169,0
206172,1
206188,0
206206,0
206220,0
206223,0
206236,0
206269,0
206280,0
206291,0
206331,0
206335,1
206346,1
206351,1
206356,1
206392,0
206401,1
206421,0
206439,1
206458,1
206509,0
206534,1
206543,1
206591,0
206624,1
206642,1
206643,1
206660,1
206699,0
206709,1
206717,1
206790,1
206801,1
206823,1
206826,1
206836,1
206866,1
206880,1
206902,0
206937,0
206976,1
207231,1
207239,1
207271,0
207300,1
207310,0
207346,1
207374,1
207375,1
207386,0
207402,0
207429,0
207453,1
207475,1
207489,1
207499,1
207525,1
207551,0
207597,0
207629,0
207652,0
207668,1
207684,1
207701,0
207713,1
207732,1
207767,1
207782,0
207806,0
207811,0
207838,1
207848,1
207849,0
207856,0
207862,1
207883,0
207899,1
207910,0
207919,0
207928,1
207956,0
207964,1
207967,0
207981,0
208012,1
208013,0
208025,1
208037,1
208045,1
208047,0
208053,1
208091,1
208108,0
208142,0
208153,0
208158,0
208161,0
208202,1
208210,0
208228,0
208239,0
208247,1
208270,1
208273,0
208287,1
208318,0
208322,1
208328,1
208362,0
208374,1
208400,1
208404,1
208410,0
208413,0
208433,0
208466,1
208470,1
208484,1
208512,1
208534,0
208536,0
208580,1
208587,0
208592,1
208604,0
208609,0
208612,0
208660,0
208678,1
208700,0
208717,0
208722,1
208767,1
208776,1
208802,1
208805,0
208826,0
208907,0
208923,1
208925,0
208938,0
208943,0
208983,1
208993,1
208997,0
209060,0
209072,0
209088,0
209096,0
209105,1
209147,1
209162,1
209174,1
209186,1
209218,0
209241,0
209259,0
209262,1
209268,1
209294,0
209300,0
209331,1
209347,0
209353,1
209355,1
209385,1
209404,0
209409,1
209413,1
209444,1
209467,1
209516,1
209558,0
209566,0
209599,0
209604,0
209643,0
209644,0
209651,0
209661,1
209672,1
209728,0
209787,0
209809,1
209815,1
209830,1
209842,1
209911,1
209930,1
209946,0
209975,1
210037,0
210078,0
210085,0
210112,1
210126,0
210204,1
210221,0
210231,0
210266,0
210282,0
210309,1
210331,1
210367,0
210371,0
210387,1
210455,0
210520,1
210528,1
210578,1
210596,0
210610,0
210652,1
210730,1
210744,1
210748,1
210765,0
210782,0
210784,1
210806,1
210842,0
210845,0
210926,1
210980,0
211003,1
211007,1
211009,0
211019,0
211060,1
211073,0
211085,1
211145,0
211149,1
211205,1
211235,0
211254,0
211257,1
211282,1
211285,0
211331,0
211337,1
211343,0
211350,0
211364,0
211420,1
211493,1
211518,0
211530,1
211569,0
211599,1
211629,0
211659,0
211665,0
211684,0
211697,1
211700,1
211704,1
211714,1
211725,0
211754,0
211756,0
211786,0
211794,1
211819,1
211919,0
211922,1
211929,1
211987,1
212028,1
212117,0
212147,0
212174,0
212306,0
212314,1
212324,0
212328,0
212335,0
212378,0
212402,1
212409,1
212414,1
212438,1
212494,1
212504,0
212528,1
212545,1
212577,1
212589,1
212617,0
212642,0
212652,1
212658,0
212712,0
212720,1
212775,1
212782,0
212797,0
212815,0
212819,1
212842,1
212845,0
212861,1
212878,0
212935,1
212937,1
212943,0
212982,0
213044,0
213060,0
213096,0
213100,0
213135,0
213155,1
213171,1
213187,1
213195,0
213252,0
213257,0
213266,1
213291,1
213294,0
213401,0
213423,0
213442,0
213503,1
213525,1
213564,0
213611,1
213666,1
213670,0
213678,1
213699,0
213713,1
213770,1
213798,0
213811,0
213823,1
213827,1
213855,1
213864,1
213899,1
213914,0
213939,1
213977,0
214032,0
214067,1
214082,1
214099,0
214106,0
214115,1
214134,0
214146,1
214181,0
214192,1
214210,1
214275,0
214297,1
214306,1
214314,0
214332,1
214349,0
214389,1
214399,1
214414,1
214426,1
214488,1
214519,0
214582,1
214602,0
214612,0
214633,0
214689,0
214760,0
214797,1
214807,1
214815,0
214836,0
214858,1
214882,1
214913,1
214929,0
214952,1
214995,0
215002,0
215035,1
215051,1
215132,0
215180,1
215192,0
215246,1
215252,1
215284,1
215292,1
215406,1
215454,1
215460,1
215466,0
215472,1
215490,0
215521,1
215562,1
215565,0
215585,0
215622,1
215629,0
215657,0
215691,0
215701,0
215703,1
215788,1
215798,1
215808,1
215851,1
215856,0
215866,0
215901,1
215907,1
215931,1
215942,0
215961,1
216006,0
216011,0
216021,0
216026,0
216027,0
216029,1
216031,0
216050,1
216054,0
216124,1
216192,0
216238,0
216322,0
216395,0
216397,0
216416,0
216424,0
216451,1
216460,1
216497,1
216507,0
216527,1
216569,0
216573,1
216594,0
216603,0
216642,0
216686,1
216712,0
216726,0
216729,0
216769,1
216775,1
216805,1
216833,0
216856,0
216903,0
216915,0
216935,0
216990,1
216995,0
217016,0
217067,1
217081,1
217092,0
217096,0
217161,0
217198,1
217207,1
217258,1
217280,1
217292,0
217302,1
217315,1
217328,0
217333,1
217358,1
217379,0
217393,0
217406,0
217425,1
217439,1
217441,1
217465,0
217484,1
217496,0
217501,0
217523,1
217583,1
217613,1
217614,0
217624,1
217702,1
217714,0
217755,0
217768,0
217832,1
217867,0
217872,1
217920,0
217928,0
217940,0
217960,1
218040,0
218043,1
218078,1
218102,1
218131,0
218153,1
218166,0
218179,0
218197,1
218213,0
218214,1
218217,1
218221,0
218226,0
218262,0
218284,0
218294,0
218312,1
218342,1
218357,0
218360,1
218361,1
218388,0
218395,1
218422,1
218486,1
218584,1
218599,1
218659,1
218676,1
218677,1
218688,1
218692,1
218737,1
218739,1
218758,0
218815,0
218838,0
218870,1
218887,1
218891,0
218898,1
218928,1
218978,0
219046,1
219062,1
219127,1
219146,1
219149,1
219152,0
219170,1
219179,1
219234,1
219236,1
219251,1
219261,1
219266,1
219287,0
219306,1
219363,0
219364,0
219370,0
219396,0
219407,0
219414,1
219416,1
219443,0
219487,1
219521,0
219528,0
219539,0
219595,1
219598,1
219631,0
219639,0
219646,1
219686,0
219717,0
219744,0
219802,0
219887,1
219888,0
219897,1
219945,0
219961,1
219965,0
219971,1
219988,0
220001,0
220029,0
220080,1
220094,0
220111,1
220116,0
220153,1
220168,1
220211,1
220230,0
220248,1
220275,0
220306,1
220331,0
220422,1
220428,1
220469,1
220495,1
220609,0
220618,1
220620,0
220626,1
220632,0
220633,0
220639,0
220691,1
220734,1
220736,0
220752,1
220788,0
220793,0
220821,1
220854,1
220865,0
220866,0
220873,1
220878,1
220894,0
220947,0
221017,1
221044,1
221089,1
221090,0
221092,0
221147,0
221166,1
221237,0
221259,1
221276,1
221279,1
221294,1
221316,0
221325,0
221347,0
221349,0
221377,1
221462,1
221520,0
221565,0
221567,0
221570,0
221596,0
221704,1
221707,1
221742,1
221917,1
221975,0
221982,0
221991,0
222030,1
222043,0
222069,0
222078,1
222088,1
222131,0
222215,1
222234,1
222275,0
222295,0
222305,1
222331,1
222365,0
222366,1
222368,0
222454,1
222492,0
222525,0
222564,1
222645,0
222668,0
222669,0
222677,1
222693,0
222720,1
222750,0
222755,1
222757,0
222761,1
222784,1
222795,0
222829,0
222878,1
222879,1
222892,1
222895,1
222905,1
222963,0
222996,1
223007,0
223011,0
223016,0
223025,1
223031,1
223098,1
223125,1
223188,1
223194,0
223215,1
223237,1
223240,0
223251,1
223260,1
223292,1
223326,0
223330,0
223360,1
223369,1
223384,1
223409,1
223419,0
223458,1
223474,0
223477,0
223502,0
223505,0
223521,0
223532,1
223539,0
223567,0
223599,0
223647,1
223766,1
223825,0
223835,0
223878,0
223884,0
223897,1
223922,1
223937,0
223987,1
224045,0
224055,0
224105,0
224157,1
224216,1
224240,0
224249,1
224250,1
224259,1
224276,1
224303,0
224304,1
224307,0
224309,0
224327,0
224357,0
224373,0
224374,1
224395,0
224402,0
224471,0
224516,1
224522,0
224529,0
224539,1
224540,0
224561,0
224583,0
224610,1
224711,1
224771,0
224804,0
224866,1
224879,1
224897,0
224927,0
224936,1
224937,0
224995,1
224999,1
225015,1
225082,0
225156,1
225178,0
225201,0
225263,1
225292,1
225308,1
225348,1
225389,0
225431,1
225450,1
225517,0
225519,0
225570,1
225577,1
225602,1
225685,1
225693,1
225733,0
225812,1
225814,0
225825,1
225827,0
225838,1
225848,0
225885,1
225892,1
225910,1
225935,0
225971,1
225978,1
225989,0
226000,1
226057,0
226062,1
226083,0
226176,1
226204,0
226207,1
226215,1
226218,1
226227,0
226253,1
226269,1
226273,0
226294,1
226307,1
226322,1
226344,0
226345,0
226359,0
226362,1
226370,1
226421,1
226434,1
226454,0
226482,0
226497,0
226579,1
226587,0
226628,1
226632,0
226654,1
226657,0
226686,1
226750,1
226769,1
226784,0
226788,0
226822,1
226824,1
226839,1
226935,0
226960,0
226966,1
227015,1
227095,0
227118,0
227125,1
227127,1
227135,0
227149,1
227151,0
227168,1
227174,1
227180,0
227201,0
227226,1
227238,0
227287,0
227289,0
227308,1
227311,0
227323,1
227327,1
227350,1
227395,1
227407,0
227412,0
227418,1
227446,0
227469,0
227473,1
227488,0
227490,0
227502,0
227550,0
227556,0
227589,0
227613,0
227711,1
227720,0
227738,0
227754,0
227795,0
227903,0
227925,0
227936,1
227947,0
227951,1
228004,0
228046,0
228076,1
228094,0
228150,0
228155,0
228179,0
228239,1
228240,1
228272,0
228279,1
228322,1
228332,0
228335,1
228354,0
228390,0
228475,1
228485,0
228588,0
228603,1
228632,0
228716,0
228752,1
228755,1
228773,0
228806,1
228814,1
228818,1
228837,0
228887,0
228964,1
229004,1
229006,0
229010,1
229075,0
229085,1
229090,0
229120,1
229127,0
229169,0
229196,0
229199,1
229204,1
229207,1
229224,1
229290,1
229354,0
229408,0
229426,1
229460,0
229484,1
229488,1
229529,0
229533,0
229566,0
229606,1
229640,1
229695,1
229702,1
229750,1
229834,0
229897,1
229911,1
229938,1
229957,0
229997,0
230024,1
230054,0
230070,0
230091,1
230127,1
230142,1
230158,0
230168,0
230169,0
230184,0
230202,0
230205,0
230320,1
230334,1
230374,0
230426,1
230501,1
230536,1
230543,1
230554,0
230582,1
230624,1
230627,1
230637,0
230683,0
230696,1
230708,1
230714,1
230731,1
230736,1
230742,1
230771,0
230785,1
230800,0
230829,1
230838,1
230846,1
230872,1
230894,0
230918,1
230923,0
230938,0
230976,1
231008,0
231033,0
231073,0
231075,0
231123,1
231146,0
231149,1
231154,1
231181,0
231201,0
231202,0
231213,1
231232,0
231274,1
231300,1
231344,1
231364,1
231397,0
231426,1
231432,1
231454,1
231477,0
231481,0
231530,1
231536,1
231576,1
231579,1
231607,1
231627,1
231688,0
231695,0
231708,1
231723,1
231760,0
231766,1
231771,1
231774,1
231784,1
231862,1
231872,1
231887,0
231956,1
231963,1
231967,0
231992,1
232021,0
232042,0
232062,1
232067,1
232073,1
232075,0
232078,1
232086,0
232154,1
232155,1
232156,1
232164,1
232172,0
232173,1
232179,1
232188,0
232204,1
232213,1
232224,0
232240,1
232261,1
232302,0
232344,0
232347,1
232359,0
232388,0
232389,0
232405,0
232423,1
232426,1
232458,1
232476,1
232477,0
232491,1
232501,0
232514,1
232560,1
232651,1
232655,0
232666,1
232672,1
232702,0
232760,1
232798,0
232818,1
232857,0
232869,0
232874,1
232886,0
232888,0
232914,1
232920,1
232953,0
232982,1
233013,0
233022,1
233066,1
233072,1
233118,0
233145,1
233155,0
233171,0
233211,0
233240,0
233286,1
233298,1
233319,0
233325,1
233326,1
233332,1
233340,1
233349,0
233362,1
233365,1
233377,1
233405,0
233416,0
233425,0
233467,1
233487,0
233492,0
233525,1
233591,1
233611,1
233619,1
233639,0
233649,0
233651,1
233670,0
233671,0
233677,1
233720,1
233783,0
233788,0
233795,1
233822,1
233840,1
233891,0
233893,0
233899,0
233903,1
233922,1
233936,0
233964,0
233968,1
233977,0
233996,0
234005,0
234006,0
234048,0
234049,0
234076,0
234093,0
234101,1
234148,1
234164,0
234170,1
234200,0
234206,1
234232,1
234236,1
234283,0
234336,0
234350,0
234358,1
234363,1
234482,1
234516,0
234520,0
234527,0
234563,1
234570,1
234576,1
234599,1
234623,0
234643,1
234657,1
234673,0
234694,0
234695,1
234730,1
234752,1
234754,0
234769,0
234797,1
234813,0
234835,1
234838,1
234860,1
234879,1
234968,0
235018,0
235030,0
235072,1
235093,0
235096,1
235102,1
235151,1
235202,0
235262,0
235287,1
235314,1
235368,1
235394,1
235396,1
235397,1
235433,0
235436,0
235470,0
235543,1
235554,1
235590,0
235595,1
235597,0
235630,0
235636,1
235694,0
235718,1
235733,0
235740,1
235770,0
